
/home/runner/work/exp-state-observer-iitkgp/exp-state-observer-iitkgp/experiment/simulation/js/DS.js
     4:10   warning  'inputChange' is defined but never used             no-unused-vars
    16:10   warning  'refresh' is defined but never used                 no-unused-vars
    31:5    warning  'dataOPPoints' is assigned a value but never used   no-unused-vars
    32:5    warning  'dataOPPoints1' is assigned a value but never used  no-unused-vars
    38:10   warning  'system' is defined but never used                  no-unused-vars
    42:1    warning  Mixed spaces and tabs                               no-mixed-spaces-and-tabs
    50:1    warning  Mixed spaces and tabs                               no-mixed-spaces-and-tabs
    54:12   warning  'math' is not defined                               no-undef
    54:21   warning  'math' is not defined                               no-undef
    54:37   warning  'math' is not defined                               no-undef
    54:52   warning  'math' is not defined                               no-undef
    56:2    warning  Mixed spaces and tabs                               no-mixed-spaces-and-tabs
    56:15   warning  'math' is not defined                               no-undef
    56:27   warning  'math' is not defined                               no-undef
    56:38   warning  'math' is not defined                               no-undef
    56:52   warning  'math' is not defined                               no-undef
    56:65   warning  'math' is not defined                               no-undef
    56:79   warning  'math' is not defined                               no-undef
    56:90   warning  'math' is not defined                               no-undef
    58:12   warning  'math' is not defined                               no-undef
    58:24   warning  'math' is not defined                               no-undef
    58:35   warning  'math' is not defined                               no-undef
    58:49   warning  'math' is not defined                               no-undef
    58:61   warning  'math' is not defined                               no-undef
    58:104  warning  Unnecessary semicolon                               no-extra-semi
    59:11   warning  'math' is not defined                               no-undef
    59:23   warning  'math' is not defined                               no-undef
    59:34   warning  'math' is not defined                               no-undef
    59:48   warning  'math' is not defined                               no-undef
    59:60   warning  'math' is not defined                               no-undef
    59:71   warning  'math' is not defined                               no-undef
    59:111  warning  Unnecessary semicolon                               no-extra-semi
    61:12   warning  'math' is not defined                               no-undef
    61:24   warning  'math' is not defined                               no-undef
    61:35   warning  'math' is not defined                               no-undef
    61:49   warning  'math' is not defined                               no-undef
    61:62   warning  'math' is not defined                               no-undef
    61:101  warning  Unnecessary semicolon                               no-extra-semi
    62:12   warning  'math' is not defined                               no-undef
    62:24   warning  'math' is not defined                               no-undef
    62:35   warning  'math' is not defined                               no-undef
    62:49   warning  'math' is not defined                               no-undef
    62:61   warning  'math' is not defined                               no-undef
    62:70   warning  'math' is not defined                               no-undef
    62:93   warning  'math' is not defined                               no-undef
    62:135  warning  Unnecessary semicolon                               no-extra-semi
    63:11   warning  'math' is not defined                               no-undef
    63:23   warning  'math' is not defined                               no-undef
    63:34   warning  'math' is not defined                               no-undef
    63:48   warning  'math' is not defined                               no-undef
    63:60   warning  'math' is not defined                               no-undef
    63:97   warning  Unnecessary semicolon                               no-extra-semi
    65:12   warning  'a13' is not defined                                no-undef
    65:16   warning  'a14' is not defined                                no-undef
    65:20   warning  'a21' is not defined                                no-undef
    65:24   warning  'a24' is not defined                                no-undef
    65:28   warning  'a31' is not defined                                no-undef
    65:32   warning  'a32' is not defined                                no-undef
    65:36   warning  'a33' is not defined                                no-undef
    65:40   warning  'a41' is not defined                                no-undef
    65:44   warning  'a44' is not defined                                no-undef
    65:48   warning  'b1' is not defined                                 no-undef
    65:51   warning  'b3' is not defined                                 no-undef
    65:54   warning  'c12' is not defined                                no-undef
    65:58   warning  'c13' is not defined                                no-undef
    65:62   warning  'c14' is not defined                                no-undef
    65:66   warning  'c21' is not defined                                no-undef
    65:70   warning  'c22' is not defined                                no-undef
    65:74   warning  'c24' is not defined                                no-undef
    65:78   warning  'd11' is not defined                                no-undef
    65:82   warning  'd21' is not defined                                no-undef
    66:12   warning  'a34' is not defined                                no-undef
    66:16   warning  'c11' is not defined                                no-undef
    66:20   warning  'c23' is not defined                                no-undef
    68:13   warning  'math' is not defined                               no-undef
    68:37   warning  'a13' is not defined                                no-undef
    68:42   warning  'a14' is not defined                                no-undef
    68:49   warning  'a21' is not defined                                no-undef
    68:64   warning  'a24' is not defined                                no-undef
    68:71   warning  'a31' is not defined                                no-undef
    68:76   warning  'a32' is not defined                                no-undef
    68:81   warning  'a33' is not defined                                no-undef
    68:86   warning  'a34' is not defined                                no-undef
    68:93   warning  'a41' is not defined                                no-undef
    68:108  warning  'a44' is not defined                                no-undef
    69:8    warning  'mB' is assigned a value but never used             no-unused-vars
    69:13   warning  'math' is not defined                               no-undef
    69:27   warning  'b1' is not defined                                 no-undef
    69:39   warning  'b3' is not defined                                 no-undef
    70:8    warning  'mC' is assigned a value but never used             no-unused-vars
    70:13   warning  'math' is not defined                               no-undef
    70:27   warning  'c11' is not defined                                no-undef
    70:32   warning  'c12' is not defined                                no-undef
    70:37   warning  'c13' is not defined                                no-undef
    70:42   warning  'c14' is not defined                                no-undef
    70:48   warning  'c21' is not defined                                no-undef
    70:53   warning  'c22' is not defined                                no-undef
    70:58   warning  'c23' is not defined                                no-undef
    70:63   warning  'c24' is not defined                                no-undef
    71:8    warning  'mD' is assigned a value but never used             no-unused-vars
    71:13   warning  'math' is not defined                               no-undef
    71:27   warning  'd11' is not defined                                no-undef
    71:34   warning  'd21' is not defined                                no-undef
    75:153  warning  'a13' is not defined                                no-undef
    75:163  warning  'a14' is not defined                                no-undef
    75:175  warning  'a21' is not defined                                no-undef
    75:203  warning  'a24' is not defined                                no-undef
    75:215  warning  'a31' is not defined                                no-undef
    75:225  warning  'a32' is not defined                                no-undef
    75:235  warning  'a33' is not defined                                no-undef
    75:245  warning  'a34' is not defined                                no-undef
    75:257  warning  'a41' is not defined                                no-undef
    75:287  warning  'a44' is not defined                                no-undef
    76:133  warning  'b1' is not defined                                 no-undef
    76:155  warning  'b3' is not defined                                 no-undef
    77:133  warning  'c11' is not defined                                no-undef
    77:143  warning  'c12' is not defined                                no-undef
    77:153  warning  'c13' is not defined                                no-undef
    77:163  warning  'c14' is not defined                                no-undef
    77:175  warning  'c21' is not defined                                no-undef
    77:183  warning  'c22' is not defined                                no-undef
    77:193  warning  'c23' is not defined                                no-undef
    77:203  warning  'c24' is not defined                                no-undef
    78:133  warning  'd11' is not defined                                no-undef
    78:145  warning  'd21' is not defined                                no-undef
    95:1    warning  Mixed spaces and tabs                               no-mixed-spaces-and-tabs
    96:1    warning  Mixed spaces and tabs                               no-mixed-spaces-and-tabs
    99:1    warning  Mixed spaces and tabs                               no-mixed-spaces-and-tabs
   100:1    warning  Mixed spaces and tabs                               no-mixed-spaces-and-tabs
   102:12   warning  'math' is not defined                               no-undef
   106:12   warning  'math' is not defined                               no-undef
   106:24   warning  'math' is not defined                               no-undef
   106:35   warning  'math' is not defined                               no-undef
   107:12   warning  'math' is not defined                               no-undef
   107:24   warning  'math' is not defined                               no-undef
   107:35   warning  'math' is not defined                               no-undef
   108:12   warning  'math' is not defined                               no-undef
   108:24   warning  'math' is not defined                               no-undef
   108:35   warning  'math' is not defined                               no-undef
   109:12   warning  'math' is not defined                               no-undef
   109:24   warning  'math' is not defined                               no-undef
   109:35   warning  'math' is not defined                               no-undef
   119:4    warning  'E1' is not defined                                 no-undef
   120:4    warning  'E2' is not defined                                 no-undef
   121:4    warning  'E3' is not defined                                 no-undef
   122:4    warning  'E4' is not defined                                 no-undef
   162:1    warning  Mixed spaces and tabs                               no-mixed-spaces-and-tabs
   173:10   warning  'EP' is defined but never used                      no-unused-vars
   176:1    warning  Mixed spaces and tabs                               no-mixed-spaces-and-tabs
   183:4    warning  'DP1' is not defined                                no-undef
   184:4    warning  'DP2' is not defined                                no-undef
   185:4    warning  'DP3' is not defined                                no-undef
   186:4    warning  'DP4' is not defined                                no-undef
   210:1    warning  Mixed spaces and tabs                               no-mixed-spaces-and-tabs
   211:1    warning  Mixed spaces and tabs                               no-mixed-spaces-and-tabs
   212:1    warning  Mixed spaces and tabs                               no-mixed-spaces-and-tabs
   213:1    warning  Mixed spaces and tabs                               no-mixed-spaces-and-tabs
   230:1    warning  Mixed spaces and tabs                               no-mixed-spaces-and-tabs
   234:12   warning  'math' is not defined                               no-undef
   234:21   warning  'math' is not defined                               no-undef
   234:37   warning  'math' is not defined                               no-undef
   234:52   warning  'math' is not defined                               no-undef
   236:2    warning  Mixed spaces and tabs                               no-mixed-spaces-and-tabs
   236:15   warning  'math' is not defined                               no-undef
   236:27   warning  'math' is not defined                               no-undef
   236:38   warning  'math' is not defined                               no-undef
   236:52   warning  'math' is not defined                               no-undef
   236:65   warning  'math' is not defined                               no-undef
   236:79   warning  'math' is not defined                               no-undef
   236:90   warning  'math' is not defined                               no-undef
   238:12   warning  'math' is not defined                               no-undef
   238:24   warning  'math' is not defined                               no-undef
   238:35   warning  'math' is not defined                               no-undef
   238:49   warning  'math' is not defined                               no-undef
   238:61   warning  'math' is not defined                               no-undef
   239:11   warning  'math' is not defined                               no-undef
   239:23   warning  'math' is not defined                               no-undef
   239:34   warning  'math' is not defined                               no-undef
   239:48   warning  'math' is not defined                               no-undef
   239:60   warning  'math' is not defined                               no-undef
   239:71   warning  'math' is not defined                               no-undef
   241:12   warning  'math' is not defined                               no-undef
   241:24   warning  'math' is not defined                               no-undef
   241:35   warning  'math' is not defined                               no-undef
   241:49   warning  'math' is not defined                               no-undef
   241:62   warning  'math' is not defined                               no-undef
   242:12   warning  'math' is not defined                               no-undef
   242:24   warning  'math' is not defined                               no-undef
   242:35   warning  'math' is not defined                               no-undef
   242:49   warning  'math' is not defined                               no-undef
   242:61   warning  'math' is not defined                               no-undef
   242:70   warning  'math' is not defined                               no-undef
   242:93   warning  'math' is not defined                               no-undef
   243:11   warning  'math' is not defined                               no-undef
   243:23   warning  'math' is not defined                               no-undef
   243:34   warning  'math' is not defined                               no-undef
   243:48   warning  'math' is not defined                               no-undef
   243:60   warning  'math' is not defined                               no-undef
   245:12   warning  'a13' is not defined                                no-undef
   245:16   warning  'a14' is not defined                                no-undef
   245:20   warning  'a21' is not defined                                no-undef
   245:24   warning  'a24' is not defined                                no-undef
   245:28   warning  'a31' is not defined                                no-undef
   245:32   warning  'a32' is not defined                                no-undef
   245:36   warning  'a33' is not defined                                no-undef
   245:40   warning  'a41' is not defined                                no-undef
   245:44   warning  'a44' is not defined                                no-undef
   245:48   warning  'b1' is not defined                                 no-undef
   245:51   warning  'b3' is not defined                                 no-undef
   245:54   warning  'c12' is not defined                                no-undef
   245:58   warning  'c13' is not defined                                no-undef
   245:62   warning  'c14' is not defined                                no-undef
   245:66   warning  'c21' is not defined                                no-undef
   245:70   warning  'c22' is not defined                                no-undef
   245:74   warning  'c24' is not defined                                no-undef
   246:12   warning  'a34' is not defined                                no-undef
   246:16   warning  'c11' is not defined                                no-undef
   246:20   warning  'c23' is not defined                                no-undef
   248:8    warning  'mA' is assigned a value but never used             no-unused-vars
   248:13   warning  'math' is not defined                               no-undef
   248:37   warning  'a13' is not defined                                no-undef
   248:42   warning  'a14' is not defined                                no-undef
   248:49   warning  'a21' is not defined                                no-undef
   248:64   warning  'a24' is not defined                                no-undef
   248:71   warning  'a31' is not defined                                no-undef
   248:76   warning  'a32' is not defined                                no-undef
   248:81   warning  'a33' is not defined                                no-undef
   248:86   warning  'a34' is not defined                                no-undef
   248:93   warning  'a41' is not defined                                no-undef
   248:108  warning  'a44' is not defined                                no-undef
   249:8    warning  'mB' is assigned a value but never used             no-unused-vars
   249:13   warning  'math' is not defined                               no-undef
   249:27   warning  'b1' is not defined                                 no-undef
   249:39   warning  'b3' is not defined                                 no-undef
   250:8    warning  'mC' is assigned a value but never used             no-unused-vars
   250:12   warning  'math' is not defined                               no-undef
   250:26   warning  'c11' is not defined                                no-undef
   250:31   warning  'c12' is not defined                                no-undef
   250:36   warning  'c13' is not defined                                no-undef
   250:41   warning  'c14' is not defined                                no-undef
   250:47   warning  'c21' is not defined                                no-undef
   250:52   warning  'c22' is not defined                                no-undef
   250:57   warning  'c23' is not defined                                no-undef
   250:62   warning  'c24' is not defined                                no-undef
   252:26   warning  'a21' is not defined                                no-undef
   252:30   warning  'a13' is not defined                                no-undef
   252:34   warning  'a31' is not defined                                no-undef
   252:38   warning  'a14' is not defined                                no-undef
   252:42   warning  'a41' is not defined                                no-undef
   253:30   warning  'a13' is not defined                                no-undef
   253:34   warning  'a32' is not defined                                no-undef
   253:38   warning  'a14' is not defined                                no-undef
   254:18   warning  'a13' is not defined                                no-undef
   254:30   warning  'a13' is not defined                                no-undef
   254:34   warning  'a33' is not defined                                no-undef
   254:38   warning  'a14' is not defined                                no-undef
   255:18   warning  'a14' is not defined                                no-undef
   255:26   warning  'a24' is not defined                                no-undef
   255:30   warning  'a13' is not defined                                no-undef
   255:34   warning  'a34' is not defined                                no-undef
   255:38   warning  'a14' is not defined                                no-undef
   255:42   warning  'a44' is not defined                                no-undef
   257:14   warning  'a21' is not defined                                no-undef
   257:27   warning  'a21' is not defined                                no-undef
   257:36   warning  'a31' is not defined                                no-undef
   257:41   warning  'a24' is not defined                                no-undef
   257:45   warning  'a41' is not defined                                no-undef
   258:14   warning  'a21' is not defined                                no-undef
   258:36   warning  'a32' is not defined                                no-undef
   258:41   warning  'a24' is not defined                                no-undef
   259:14   warning  'a21' is not defined                                no-undef
   259:18   warning  'a13' is not defined                                no-undef
   259:36   warning  'a33' is not defined                                no-undef
   259:41   warning  'a24' is not defined                                no-undef
   260:14   warning  'a21' is not defined                                no-undef
   260:18   warning  'a14' is not defined                                no-undef
   260:27   warning  'a24' is not defined                                no-undef
   260:36   warning  'a34' is not defined                                no-undef
   260:41   warning  'a24' is not defined                                no-undef
   260:45   warning  'a44' is not defined                                no-undef
   262:14   warning  'a31' is not defined                                no-undef
   262:23   warning  'a32' is not defined                                no-undef
   262:27   warning  'a21' is not defined                                no-undef
   262:32   warning  'a33' is not defined                                no-undef
   262:36   warning  'a31' is not defined                                no-undef
   262:41   warning  'a34' is not defined                                no-undef
   262:45   warning  'a41' is not defined                                no-undef
   263:14   warning  'a31' is not defined                                no-undef
   263:23   warning  'a32' is not defined                                no-undef
   263:32   warning  'a33' is not defined                                no-undef
   263:36   warning  'a32' is not defined                                no-undef
   263:41   warning  'a34' is not defined                                no-undef
   264:14   warning  'a31' is not defined                                no-undef
   264:18   warning  'a13' is not defined                                no-undef
   264:23   warning  'a32' is not defined                                no-undef
   264:32   warning  'a33' is not defined                                no-undef
   264:36   warning  'a33' is not defined                                no-undef
   264:41   warning  'a34' is not defined                                no-undef
   265:14   warning  'a31' is not defined                                no-undef
   265:18   warning  'a14' is not defined                                no-undef
   265:23   warning  'a32' is not defined                                no-undef
   265:27   warning  'a24' is not defined                                no-undef
   265:32   warning  'a33' is not defined                                no-undef
   265:36   warning  'a34' is not defined                                no-undef
   265:41   warning  'a34' is not defined                                no-undef
   265:45   warning  'a44' is not defined                                no-undef
   267:14   warning  'a41' is not defined                                no-undef
   267:27   warning  'a21' is not defined                                no-undef
   267:36   warning  'a31' is not defined                                no-undef
   267:41   warning  'a44' is not defined                                no-undef
   267:45   warning  'a41' is not defined                                no-undef
   268:14   warning  'a41' is not defined                                no-undef
   268:36   warning  'a32' is not defined                                no-undef
   268:41   warning  'a44' is not defined                                no-undef
   269:14   warning  'a41' is not defined                                no-undef
   269:18   warning  'a13' is not defined                                no-undef
   269:36   warning  'a33' is not defined                                no-undef
   269:41   warning  'a44' is not defined                                no-undef
   270:14   warning  'a41' is not defined                                no-undef
   270:18   warning  'a14' is not defined                                no-undef
   270:27   warning  'a24' is not defined                                no-undef
   270:36   warning  'a34' is not defined                                no-undef
   270:41   warning  'a44' is not defined                                no-undef
   270:45   warning  'a44' is not defined                                no-undef
   274:33   warning  'a13' is not defined                                no-undef
   274:42   warning  'a14' is not defined                                no-undef
   275:33   warning  'a13' is not defined                                no-undef
   275:42   warning  'a14' is not defined                                no-undef
   276:33   warning  'a13' is not defined                                no-undef
   276:42   warning  'a14' is not defined                                no-undef
   277:33   warning  'a13' is not defined                                no-undef
   277:42   warning  'a14' is not defined                                no-undef
   279:15   warning  'a21' is not defined                                no-undef
   279:45   warning  'a24' is not defined                                no-undef
   280:15   warning  'a21' is not defined                                no-undef
   280:45   warning  'a24' is not defined                                no-undef
   281:15   warning  'a21' is not defined                                no-undef
   281:45   warning  'a24' is not defined                                no-undef
   282:15   warning  'a21' is not defined                                no-undef
   282:45   warning  'a24' is not defined                                no-undef
   284:15   warning  'a31' is not defined                                no-undef
   284:25   warning  'a32' is not defined                                no-undef
   284:35   warning  'a33' is not defined                                no-undef
   284:45   warning  'a34' is not defined                                no-undef
   285:15   warning  'a31' is not defined                                no-undef
   285:25   warning  'a32' is not defined                                no-undef
   285:35   warning  'a33' is not defined                                no-undef
   285:45   warning  'a34' is not defined                                no-undef
   286:15   warning  'a31' is not defined                                no-undef
   286:25   warning  'a32' is not defined                                no-undef
   286:35   warning  'a33' is not defined                                no-undef
   286:45   warning  'a34' is not defined                                no-undef
   287:15   warning  'a31' is not defined                                no-undef
   287:25   warning  'a32' is not defined                                no-undef
   287:35   warning  'a33' is not defined                                no-undef
   287:45   warning  'a34' is not defined                                no-undef
   289:15   warning  'a41' is not defined                                no-undef
   289:45   warning  'a44' is not defined                                no-undef
   290:15   warning  'a41' is not defined                                no-undef
   290:45   warning  'a44' is not defined                                no-undef
   291:15   warning  'a41' is not defined                                no-undef
   291:45   warning  'a44' is not defined                                no-undef
   292:15   warning  'a41' is not defined                                no-undef
   292:45   warning  'a44' is not defined                                no-undef
   296:13   warning  'math' is not defined                               no-undef
   296:25   warning  'math' is not defined                               no-undef
   296:36   warning  'math' is not defined                               no-undef
   296:50   warning  'b1' is not defined                                 no-undef
   296:66   warning  'b3' is not defined                                 no-undef
   296:69   warning  'a13' is not defined                                no-undef
   296:77   warning  'a14' is not defined                                no-undef
   297:13   warning  'math' is not defined                               no-undef
   297:25   warning  'math' is not defined                               no-undef
   297:36   warning  'math' is not defined                               no-undef
   297:50   warning  'b1' is not defined                                 no-undef
   297:53   warning  'a21' is not defined                                no-undef
   297:66   warning  'b3' is not defined                                 no-undef
   297:77   warning  'a24' is not defined                                no-undef
   298:13   warning  'math' is not defined                               no-undef
   298:25   warning  'math' is not defined                               no-undef
   298:36   warning  'math' is not defined                               no-undef
   298:50   warning  'b1' is not defined                                 no-undef
   298:53   warning  'a31' is not defined                                no-undef
   298:61   warning  'a32' is not defined                                no-undef
   298:66   warning  'b3' is not defined                                 no-undef
   298:69   warning  'a33' is not defined                                no-undef
   298:77   warning  'a34' is not defined                                no-undef
   299:13   warning  'math' is not defined                               no-undef
   299:25   warning  'math' is not defined                               no-undef
   299:36   warning  'math' is not defined                               no-undef
   299:50   warning  'b1' is not defined                                 no-undef
   299:53   warning  'a41' is not defined                                no-undef
   299:66   warning  'b3' is not defined                                 no-undef
   299:77   warning  'a44' is not defined                                no-undef
   303:14   warning  'math' is not defined                               no-undef
   303:26   warning  'math' is not defined                               no-undef
   303:37   warning  'math' is not defined                               no-undef
   303:51   warning  'b1' is not defined                                 no-undef
   303:69   warning  'b3' is not defined                                 no-undef
   304:14   warning  'math' is not defined                               no-undef
   304:26   warning  'math' is not defined                               no-undef
   304:37   warning  'math' is not defined                               no-undef
   304:51   warning  'b1' is not defined                                 no-undef
   304:69   warning  'b3' is not defined                                 no-undef
   305:14   warning  'math' is not defined                               no-undef
   305:26   warning  'math' is not defined                               no-undef
   305:37   warning  'math' is not defined                               no-undef
   305:51   warning  'b1' is not defined                                 no-undef
   305:69   warning  'b3' is not defined                                 no-undef
   306:14   warning  'math' is not defined                               no-undef
   306:26   warning  'math' is not defined                               no-undef
   306:37   warning  'math' is not defined                               no-undef
   306:51   warning  'b1' is not defined                                 no-undef
   306:69   warning  'b3' is not defined                                 no-undef
   310:15   warning  'math' is not defined                               no-undef
   310:27   warning  'math' is not defined                               no-undef
   310:38   warning  'math' is not defined                               no-undef
   310:52   warning  'b1' is not defined                                 no-undef
   310:72   warning  'b3' is not defined                                 no-undef
   311:15   warning  'math' is not defined                               no-undef
   311:27   warning  'math' is not defined                               no-undef
   311:38   warning  'math' is not defined                               no-undef
   311:52   warning  'b1' is not defined                                 no-undef
   311:72   warning  'b3' is not defined                                 no-undef
   312:15   warning  'math' is not defined                               no-undef
   312:27   warning  'math' is not defined                               no-undef
   312:38   warning  'math' is not defined                               no-undef
   312:52   warning  'b1' is not defined                                 no-undef
   312:72   warning  'b3' is not defined                                 no-undef
   313:15   warning  'math' is not defined                               no-undef
   313:27   warning  'math' is not defined                               no-undef
   313:38   warning  'math' is not defined                               no-undef
   313:52   warning  'b1' is not defined                                 no-undef
   313:72   warning  'b3' is not defined                                 no-undef
   316:11   warning  'math' is not defined                               no-undef
   316:24   warning  'b1' is not defined                                 no-undef
   316:32   warning  'b3' is not defined                                 no-undef
   317:12   warning  'math' is not defined                               no-undef
   318:13   warning  'math' is not defined                               no-undef
   319:14   warning  'math' is not defined                               no-undef
   330:12   warning  'math' is not defined                               no-undef
   330:26   warning  'b1' is not defined                                 no-undef
   330:72   warning  'b3' is not defined                                 no-undef
   332:146  warning  'b1' is not defined                                 no-undef
   332:232  warning  'b3' is not defined                                 no-undef
   334:13   warning  'math' is not defined                               no-undef
   334:25   warning  'math' is not defined                               no-undef
   334:36   warning  'math' is not defined                               no-undef
   334:50   warning  'math' is not defined                               no-undef
   341:3    warning  Mixed spaces and tabs                               no-mixed-spaces-and-tabs
   342:3    warning  Mixed spaces and tabs                               no-mixed-spaces-and-tabs
   343:3    warning  Mixed spaces and tabs                               no-mixed-spaces-and-tabs
   344:3    warning  Mixed spaces and tabs                               no-mixed-spaces-and-tabs
   345:3    warning  Mixed spaces and tabs                               no-mixed-spaces-and-tabs
   346:3    warning  Mixed spaces and tabs                               no-mixed-spaces-and-tabs
   347:3    warning  Mixed spaces and tabs                               no-mixed-spaces-and-tabs
   347:22   warning  'math' is not defined                               no-undef
   348:3    warning  Mixed spaces and tabs                               no-mixed-spaces-and-tabs
   356:3    warning  Mixed spaces and tabs                               no-mixed-spaces-and-tabs
   357:3    warning  Mixed spaces and tabs                               no-mixed-spaces-and-tabs
   357:18   warning  'math' is not defined                               no-undef
   358:3    warning  Mixed spaces and tabs                               no-mixed-spaces-and-tabs
   358:18   warning  'math' is not defined                               no-undef
   359:3    warning  Mixed spaces and tabs                               no-mixed-spaces-and-tabs
   359:18   warning  'math' is not defined                               no-undef
   360:3    warning  Mixed spaces and tabs                               no-mixed-spaces-and-tabs
   360:18   warning  'math' is not defined                               no-undef
   361:3    warning  Mixed spaces and tabs                               no-mixed-spaces-and-tabs
   362:3    warning  Mixed spaces and tabs                               no-mixed-spaces-and-tabs
   376:3    warning  Mixed spaces and tabs                               no-mixed-spaces-and-tabs
   377:3    warning  Mixed spaces and tabs                               no-mixed-spaces-and-tabs
   377:17   warning  'math' is not defined                               no-undef
   378:3    warning  Mixed spaces and tabs                               no-mixed-spaces-and-tabs
   378:17   warning  'math' is not defined                               no-undef
   379:3    warning  Mixed spaces and tabs                               no-mixed-spaces-and-tabs
   379:17   warning  'math' is not defined                               no-undef
   380:3    warning  Mixed spaces and tabs                               no-mixed-spaces-and-tabs
   380:17   warning  'math' is not defined                               no-undef
   381:3    warning  Mixed spaces and tabs                               no-mixed-spaces-and-tabs
   381:17   warning  'math' is not defined                               no-undef
   382:3    warning  Mixed spaces and tabs                               no-mixed-spaces-and-tabs
   382:17   warning  'math' is not defined                               no-undef
   383:3    warning  Mixed spaces and tabs                               no-mixed-spaces-and-tabs
   384:3    warning  Mixed spaces and tabs                               no-mixed-spaces-and-tabs
   391:3    warning  Mixed spaces and tabs                               no-mixed-spaces-and-tabs
   392:3    warning  Mixed spaces and tabs                               no-mixed-spaces-and-tabs
   392:42   warning  'math' is not defined                               no-undef
   392:51   warning  'math' is not defined                               no-undef
   392:74   warning  'math' is not defined                               no-undef
   392:101  warning  'math' is not defined                               no-undef
   392:110  warning  'math' is not defined                               no-undef
   392:133  warning  'math' is not defined                               no-undef
   392:156  warning  'math' is not defined                               no-undef
   392:165  warning  'math' is not defined                               no-undef
   392:188  warning  'math' is not defined                               no-undef
   392:215  warning  'math' is not defined                               no-undef
   392:224  warning  'math' is not defined                               no-undef
   392:247  warning  'math' is not defined                               no-undef
   393:3    warning  Mixed spaces and tabs                               no-mixed-spaces-and-tabs
   393:21   warning  'math' is not defined                               no-undef
   393:48   warning  'math' is not defined                               no-undef
   393:86   warning  'math' is not defined                               no-undef
   393:115  warning  'math' is not defined                               no-undef
   393:139  warning  'math' is not defined                               no-undef
   394:3    warning  Mixed spaces and tabs                               no-mixed-spaces-and-tabs
   394:17   warning  'math' is not defined                               no-undef
   395:3    warning  Mixed spaces and tabs                               no-mixed-spaces-and-tabs
   396:3    warning  Mixed spaces and tabs                               no-mixed-spaces-and-tabs
   396:16   warning  'math' is not defined                               no-undef
   396:28   warning  'math' is not defined                               no-undef
   396:39   warning  'math' is not defined                               no-undef
   397:3    warning  Mixed spaces and tabs                               no-mixed-spaces-and-tabs
   397:16   warning  'math' is not defined                               no-undef
   397:28   warning  'math' is not defined                               no-undef
   397:39   warning  'math' is not defined                               no-undef
   398:3    warning  Mixed spaces and tabs                               no-mixed-spaces-and-tabs
   398:16   warning  'math' is not defined                               no-undef
   398:28   warning  'math' is not defined                               no-undef
   398:39   warning  'math' is not defined                               no-undef
   399:3    warning  Mixed spaces and tabs                               no-mixed-spaces-and-tabs
   399:16   warning  'math' is not defined                               no-undef
   399:28   warning  'math' is not defined                               no-undef
   399:39   warning  'math' is not defined                               no-undef
   400:3    warning  Mixed spaces and tabs                               no-mixed-spaces-and-tabs
   401:3    warning  Mixed spaces and tabs                               no-mixed-spaces-and-tabs
   402:3    warning  Mixed spaces and tabs                               no-mixed-spaces-and-tabs
   403:3    warning  Mixed spaces and tabs                               no-mixed-spaces-and-tabs
   404:3    warning  Mixed spaces and tabs                               no-mixed-spaces-and-tabs
   405:3    warning  Mixed spaces and tabs                               no-mixed-spaces-and-tabs
   406:3    warning  Mixed spaces and tabs                               no-mixed-spaces-and-tabs
   422:3    warning  Mixed spaces and tabs                               no-mixed-spaces-and-tabs
   423:3    warning  Mixed spaces and tabs                               no-mixed-spaces-and-tabs
   423:15   warning  'math' is not defined                               no-undef
   424:3    warning  Mixed spaces and tabs                               no-mixed-spaces-and-tabs
   425:3    warning  Mixed spaces and tabs                               no-mixed-spaces-and-tabs
   426:3    warning  Mixed spaces and tabs                               no-mixed-spaces-and-tabs
   427:3    warning  Mixed spaces and tabs                               no-mixed-spaces-and-tabs
   427:18   warning  'math' is not defined                               no-undef
   428:3    warning  Mixed spaces and tabs                               no-mixed-spaces-and-tabs
   428:20   warning  'math' is not defined                               no-undef
   429:3    warning  Mixed spaces and tabs                               no-mixed-spaces-and-tabs
   429:21   warning  'math' is not defined                               no-undef
   430:3    warning  Mixed spaces and tabs                               no-mixed-spaces-and-tabs
   431:3    warning  Mixed spaces and tabs                               no-mixed-spaces-and-tabs
   431:7    warning  'DCharEq' is not defined                            no-undef
   432:3    warning  Mixed spaces and tabs                               no-mixed-spaces-and-tabs
   432:53   warning  'DCharEq' is not defined                            no-undef
   433:3    warning  Mixed spaces and tabs                               no-mixed-spaces-and-tabs
   434:3    warning  Mixed spaces and tabs                               no-mixed-spaces-and-tabs
   435:3    warning  Mixed spaces and tabs                               no-mixed-spaces-and-tabs
   435:11   warning  'b2b4' is assigned a value but never used           no-unused-vars
   435:18   warning  'math' is not defined                               no-undef
   435:30   warning  'math' is not defined                               no-undef
   435:41   warning  'math' is not defined                               no-undef
   435:55   warning  'math' is not defined                               no-undef
   436:3    warning  Mixed spaces and tabs                               no-mixed-spaces-and-tabs
   436:19   warning  'math' is not defined                               no-undef
   436:31   warning  'math' is not defined                               no-undef
   436:42   warning  'math' is not defined                               no-undef
   436:56   warning  'math' is not defined                               no-undef
   437:3    warning  Mixed spaces and tabs                               no-mixed-spaces-and-tabs
   437:19   warning  'math' is not defined                               no-undef
   437:31   warning  'math' is not defined                               no-undef
   437:42   warning  'math' is not defined                               no-undef
   437:56   warning  'math' is not defined                               no-undef
   438:3    warning  Mixed spaces and tabs                               no-mixed-spaces-and-tabs
   438:20   warning  'math' is not defined                               no-undef
   438:32   warning  'math' is not defined                               no-undef
   438:43   warning  'math' is not defined                               no-undef
   438:57   warning  'math' is not defined                               no-undef
   439:3    warning  Mixed spaces and tabs                               no-mixed-spaces-and-tabs
   439:19   warning  'math' is not defined                               no-undef
   439:31   warning  'math' is not defined                               no-undef
   439:42   warning  'math' is not defined                               no-undef
   439:56   warning  'math' is not defined                               no-undef
   440:3    warning  Mixed spaces and tabs                               no-mixed-spaces-and-tabs
   440:20   warning  'math' is not defined                               no-undef
   440:32   warning  'math' is not defined                               no-undef
   440:43   warning  'math' is not defined                               no-undef
   440:57   warning  'math' is not defined                               no-undef
   441:3    warning  Mixed spaces and tabs                               no-mixed-spaces-and-tabs
   441:19   warning  'math' is not defined                               no-undef
   441:31   warning  'math' is not defined                               no-undef
   441:42   warning  'math' is not defined                               no-undef
   441:56   warning  'math' is not defined                               no-undef
   442:3    warning  Mixed spaces and tabs                               no-mixed-spaces-and-tabs
   443:3    warning  Mixed spaces and tabs                               no-mixed-spaces-and-tabs
   443:25   warning  'math' is not defined                               no-undef
   444:3    warning  Mixed spaces and tabs                               no-mixed-spaces-and-tabs
   445:3    warning  Mixed spaces and tabs                               no-mixed-spaces-and-tabs
   446:3    warning  Mixed spaces and tabs                               no-mixed-spaces-and-tabs
   447:3    warning  Mixed spaces and tabs                               no-mixed-spaces-and-tabs
   447:27   warning  'math' is not defined                               no-undef
   448:3    warning  Mixed spaces and tabs                               no-mixed-spaces-and-tabs
   448:25   warning  'math' is not defined                               no-undef
   449:3    warning  Mixed spaces and tabs                               no-mixed-spaces-and-tabs
   450:3    warning  Mixed spaces and tabs                               no-mixed-spaces-and-tabs
   450:7    warning  'CharEq' is not defined                             no-undef
   451:3    warning  Mixed spaces and tabs                               no-mixed-spaces-and-tabs
   451:52   warning  'CharEq' is not defined                             no-undef
   452:3    warning  Mixed spaces and tabs                               no-mixed-spaces-and-tabs
   453:3    warning  Mixed spaces and tabs                               no-mixed-spaces-and-tabs
   454:3    warning  Mixed spaces and tabs                               no-mixed-spaces-and-tabs
   455:3    warning  Mixed spaces and tabs                               no-mixed-spaces-and-tabs
   456:3    warning  Mixed spaces and tabs                               no-mixed-spaces-and-tabs
   457:3    warning  Mixed spaces and tabs                               no-mixed-spaces-and-tabs
   458:3    warning  Mixed spaces and tabs                               no-mixed-spaces-and-tabs
   459:3    warning  Mixed spaces and tabs                               no-mixed-spaces-and-tabs
   460:3    warning  Mixed spaces and tabs                               no-mixed-spaces-and-tabs
   461:3    warning  Mixed spaces and tabs                               no-mixed-spaces-and-tabs
   463:3    warning  Mixed spaces and tabs                               no-mixed-spaces-and-tabs
   464:3    warning  Mixed spaces and tabs                               no-mixed-spaces-and-tabs
   465:2    warning  Mixed spaces and tabs                               no-mixed-spaces-and-tabs
   466:3    warning  Mixed spaces and tabs                               no-mixed-spaces-and-tabs
   467:3    warning  Mixed spaces and tabs                               no-mixed-spaces-and-tabs
   468:4    warning  Mixed spaces and tabs                               no-mixed-spaces-and-tabs
   469:4    warning  Mixed spaces and tabs                               no-mixed-spaces-and-tabs
   470:3    warning  Mixed spaces and tabs                               no-mixed-spaces-and-tabs
   473:10   warning  'showRank' is defined but never used                no-unused-vars
   477:10   warning  'showDetQc' is defined but never used               no-unused-vars
   481:10   warning  'showinfo' is defined but never used                no-unused-vars
   485:10   warning  'GVc' is defined but never used                     no-unused-vars
   506:1    warning  Mixed spaces and tabs                               no-mixed-spaces-and-tabs
   508:1    warning  Mixed spaces and tabs                               no-mixed-spaces-and-tabs
   524:1    warning  Mixed spaces and tabs                               no-mixed-spaces-and-tabs
   528:12   warning  'math' is not defined                               no-undef
   528:21   warning  'math' is not defined                               no-undef
   528:37   warning  'math' is not defined                               no-undef
   528:52   warning  'math' is not defined                               no-undef
   530:2    warning  Mixed spaces and tabs                               no-mixed-spaces-and-tabs
   530:15   warning  'math' is not defined                               no-undef
   530:27   warning  'math' is not defined                               no-undef
   530:38   warning  'math' is not defined                               no-undef
   530:52   warning  'math' is not defined                               no-undef
   530:65   warning  'math' is not defined                               no-undef
   530:79   warning  'math' is not defined                               no-undef
   530:90   warning  'math' is not defined                               no-undef
   532:12   warning  'math' is not defined                               no-undef
   532:24   warning  'math' is not defined                               no-undef
   532:35   warning  'math' is not defined                               no-undef
   532:49   warning  'math' is not defined                               no-undef
   532:61   warning  'math' is not defined                               no-undef
   532:104  warning  Unnecessary semicolon                               no-extra-semi
   533:8    warning  'b2' is assigned a value but never used             no-unused-vars
   533:11   warning  'math' is not defined                               no-undef
   533:23   warning  'math' is not defined                               no-undef
   533:34   warning  'math' is not defined                               no-undef
   533:48   warning  'math' is not defined                               no-undef
   533:60   warning  'math' is not defined                               no-undef
   533:71   warning  'math' is not defined                               no-undef
   533:111  warning  Unnecessary semicolon                               no-extra-semi
   535:12   warning  'math' is not defined                               no-undef
   535:24   warning  'math' is not defined                               no-undef
   535:35   warning  'math' is not defined                               no-undef
   535:49   warning  'math' is not defined                               no-undef
   535:62   warning  'math' is not defined                               no-undef
   535:101  warning  Unnecessary semicolon                               no-extra-semi
   536:12   warning  'math' is not defined                               no-undef
   536:24   warning  'math' is not defined                               no-undef
   536:35   warning  'math' is not defined                               no-undef
   536:49   warning  'math' is not defined                               no-undef
   536:61   warning  'math' is not defined                               no-undef
   536:70   warning  'math' is not defined                               no-undef
   536:93   warning  'math' is not defined                               no-undef
   536:135  warning  Unnecessary semicolon                               no-extra-semi
   537:8    warning  'b4' is assigned a value but never used             no-unused-vars
   537:11   warning  'math' is not defined                               no-undef
   537:23   warning  'math' is not defined                               no-undef
   537:34   warning  'math' is not defined                               no-undef
   537:48   warning  'math' is not defined                               no-undef
   537:60   warning  'math' is not defined                               no-undef
   537:97   warning  Unnecessary semicolon                               no-extra-semi
   539:12   warning  'a13' is not defined                                no-undef
   539:16   warning  'a14' is not defined                                no-undef
   539:20   warning  'a21' is not defined                                no-undef
   539:24   warning  'a24' is not defined                                no-undef
   539:28   warning  'a31' is not defined                                no-undef
   539:32   warning  'a32' is not defined                                no-undef
   539:36   warning  'a33' is not defined                                no-undef
   539:40   warning  'a41' is not defined                                no-undef
   539:44   warning  'a44' is not defined                                no-undef
   539:48   warning  'b1' is not defined                                 no-undef
   539:51   warning  'b3' is not defined                                 no-undef
   539:54   warning  'c12' is not defined                                no-undef
   539:58   warning  'c13' is not defined                                no-undef
   539:62   warning  'c14' is not defined                                no-undef
   539:66   warning  'c21' is not defined                                no-undef
   539:70   warning  'c22' is not defined                                no-undef
   539:74   warning  'c24' is not defined                                no-undef
   540:12   warning  'a34' is not defined                                no-undef
   540:16   warning  'c11' is not defined                                no-undef
   540:20   warning  'c23' is not defined                                no-undef
   543:26   warning  'a21' is not defined                                no-undef
   543:30   warning  'a13' is not defined                                no-undef
   543:34   warning  'a31' is not defined                                no-undef
   543:38   warning  'a14' is not defined                                no-undef
   543:42   warning  'a41' is not defined                                no-undef
   544:30   warning  'a13' is not defined                                no-undef
   544:34   warning  'a32' is not defined                                no-undef
   544:38   warning  'a14' is not defined                                no-undef
   545:18   warning  'a13' is not defined                                no-undef
   545:30   warning  'a13' is not defined                                no-undef
   545:34   warning  'a33' is not defined                                no-undef
   545:38   warning  'a14' is not defined                                no-undef
   546:18   warning  'a14' is not defined                                no-undef
   546:26   warning  'a24' is not defined                                no-undef
   546:30   warning  'a13' is not defined                                no-undef
   546:34   warning  'a34' is not defined                                no-undef
   546:38   warning  'a14' is not defined                                no-undef
   546:42   warning  'a44' is not defined                                no-undef
   548:14   warning  'a21' is not defined                                no-undef
   548:27   warning  'a21' is not defined                                no-undef
   548:36   warning  'a31' is not defined                                no-undef
   548:41   warning  'a24' is not defined                                no-undef
   548:45   warning  'a41' is not defined                                no-undef
   549:14   warning  'a21' is not defined                                no-undef
   549:36   warning  'a32' is not defined                                no-undef
   549:41   warning  'a24' is not defined                                no-undef
   550:14   warning  'a21' is not defined                                no-undef
   550:18   warning  'a13' is not defined                                no-undef
   550:36   warning  'a33' is not defined                                no-undef
   550:41   warning  'a24' is not defined                                no-undef
   551:14   warning  'a21' is not defined                                no-undef
   551:18   warning  'a14' is not defined                                no-undef
   551:27   warning  'a24' is not defined                                no-undef
   551:36   warning  'a34' is not defined                                no-undef
   551:41   warning  'a24' is not defined                                no-undef
   551:45   warning  'a44' is not defined                                no-undef
   553:14   warning  'a31' is not defined                                no-undef
   553:23   warning  'a32' is not defined                                no-undef
   553:27   warning  'a21' is not defined                                no-undef
   553:32   warning  'a33' is not defined                                no-undef
   553:36   warning  'a31' is not defined                                no-undef
   553:41   warning  'a34' is not defined                                no-undef
   553:45   warning  'a41' is not defined                                no-undef
   554:14   warning  'a31' is not defined                                no-undef
   554:23   warning  'a32' is not defined                                no-undef
   554:32   warning  'a33' is not defined                                no-undef
   554:36   warning  'a32' is not defined                                no-undef
   554:41   warning  'a34' is not defined                                no-undef
   555:14   warning  'a31' is not defined                                no-undef
   555:18   warning  'a13' is not defined                                no-undef
   555:23   warning  'a32' is not defined                                no-undef
   555:32   warning  'a33' is not defined                                no-undef
   555:36   warning  'a33' is not defined                                no-undef
   555:41   warning  'a34' is not defined                                no-undef
   556:14   warning  'a31' is not defined                                no-undef
   556:18   warning  'a14' is not defined                                no-undef
   556:23   warning  'a32' is not defined                                no-undef
   556:27   warning  'a24' is not defined                                no-undef
   556:32   warning  'a33' is not defined                                no-undef
   556:36   warning  'a34' is not defined                                no-undef
   556:41   warning  'a34' is not defined                                no-undef
   556:45   warning  'a44' is not defined                                no-undef
   558:14   warning  'a41' is not defined                                no-undef
   558:27   warning  'a21' is not defined                                no-undef
   558:36   warning  'a31' is not defined                                no-undef
   558:41   warning  'a44' is not defined                                no-undef
   558:45   warning  'a41' is not defined                                no-undef
   559:14   warning  'a41' is not defined                                no-undef
   559:36   warning  'a32' is not defined                                no-undef
   559:41   warning  'a44' is not defined                                no-undef
   560:14   warning  'a41' is not defined                                no-undef
   560:18   warning  'a13' is not defined                                no-undef
   560:36   warning  'a33' is not defined                                no-undef
   560:41   warning  'a44' is not defined                                no-undef
   561:14   warning  'a41' is not defined                                no-undef
   561:18   warning  'a14' is not defined                                no-undef
   561:27   warning  'a24' is not defined                                no-undef
   561:36   warning  'a34' is not defined                                no-undef
   561:41   warning  'a44' is not defined                                no-undef
   561:45   warning  'a44' is not defined                                no-undef
   565:33   warning  'a13' is not defined                                no-undef
   565:42   warning  'a14' is not defined                                no-undef
   566:33   warning  'a13' is not defined                                no-undef
   566:42   warning  'a14' is not defined                                no-undef
   567:33   warning  'a13' is not defined                                no-undef
   567:42   warning  'a14' is not defined                                no-undef
   568:33   warning  'a13' is not defined                                no-undef
   568:42   warning  'a14' is not defined                                no-undef
   570:15   warning  'a21' is not defined                                no-undef
   570:45   warning  'a24' is not defined                                no-undef
   571:15   warning  'a21' is not defined                                no-undef
   571:45   warning  'a24' is not defined                                no-undef
   572:15   warning  'a21' is not defined                                no-undef
   572:45   warning  'a24' is not defined                                no-undef
   573:15   warning  'a21' is not defined                                no-undef
   573:45   warning  'a24' is not defined                                no-undef
   575:15   warning  'a31' is not defined                                no-undef
   575:25   warning  'a32' is not defined                                no-undef
   575:35   warning  'a33' is not defined                                no-undef
   575:45   warning  'a34' is not defined                                no-undef
   576:15   warning  'a31' is not defined                                no-undef
   576:25   warning  'a32' is not defined                                no-undef
   576:35   warning  'a33' is not defined                                no-undef
   576:45   warning  'a34' is not defined                                no-undef
   577:15   warning  'a31' is not defined                                no-undef
   577:25   warning  'a32' is not defined                                no-undef
   577:35   warning  'a33' is not defined                                no-undef
   577:45   warning  'a34' is not defined                                no-undef
   578:15   warning  'a31' is not defined                                no-undef
   578:25   warning  'a32' is not defined                                no-undef
   578:35   warning  'a33' is not defined                                no-undef
   578:45   warning  'a34' is not defined                                no-undef
   580:15   warning  'a41' is not defined                                no-undef
   580:45   warning  'a44' is not defined                                no-undef
   581:15   warning  'a41' is not defined                                no-undef
   581:45   warning  'a44' is not defined                                no-undef
   582:15   warning  'a41' is not defined                                no-undef
   582:45   warning  'a44' is not defined                                no-undef
   583:15   warning  'a41' is not defined                                no-undef
   583:45   warning  'a44' is not defined                                no-undef
   587:14   warning  'math' is not defined                               no-undef
   587:26   warning  'math' is not defined                               no-undef
   587:37   warning  'math' is not defined                               no-undef
   587:51   warning  'c11' is not defined                                no-undef
   587:60   warning  'c12' is not defined                                no-undef
   587:64   warning  'a21' is not defined                                no-undef
   587:69   warning  'c13' is not defined                                no-undef
   587:73   warning  'a31' is not defined                                no-undef
   587:78   warning  'c14' is not defined                                no-undef
   587:82   warning  'a41' is not defined                                no-undef
   588:14   warning  'math' is not defined                               no-undef
   588:26   warning  'math' is not defined                               no-undef
   588:37   warning  'math' is not defined                               no-undef
   588:51   warning  'c11' is not defined                                no-undef
   588:60   warning  'c12' is not defined                                no-undef
   588:69   warning  'c13' is not defined                                no-undef
   588:73   warning  'a32' is not defined                                no-undef
   588:78   warning  'c14' is not defined                                no-undef
   589:14   warning  'math' is not defined                               no-undef
   589:26   warning  'math' is not defined                               no-undef
   589:37   warning  'math' is not defined                               no-undef
   589:51   warning  'c11' is not defined                                no-undef
   589:55   warning  'a13' is not defined                                no-undef
   589:60   warning  'c12' is not defined                                no-undef
   589:69   warning  'c13' is not defined                                no-undef
   589:73   warning  'a33' is not defined                                no-undef
   589:78   warning  'c14' is not defined                                no-undef
   590:14   warning  'math' is not defined                               no-undef
   590:26   warning  'math' is not defined                               no-undef
   590:37   warning  'math' is not defined                               no-undef
   590:51   warning  'c11' is not defined                                no-undef
   590:55   warning  'a14' is not defined                                no-undef
   590:60   warning  'c12' is not defined                                no-undef
   590:64   warning  'a24' is not defined                                no-undef
   590:69   warning  'c13' is not defined                                no-undef
   590:73   warning  'a34' is not defined                                no-undef
   590:78   warning  'c14' is not defined                                no-undef
   590:82   warning  'a44' is not defined                                no-undef
   592:14   warning  'math' is not defined                               no-undef
   592:26   warning  'math' is not defined                               no-undef
   592:37   warning  'math' is not defined                               no-undef
   592:51   warning  'c21' is not defined                                no-undef
   592:60   warning  'c22' is not defined                                no-undef
   592:64   warning  'a21' is not defined                                no-undef
   592:69   warning  'c23' is not defined                                no-undef
   592:73   warning  'a31' is not defined                                no-undef
   592:78   warning  'c24' is not defined                                no-undef
   592:82   warning  'a41' is not defined                                no-undef
   593:14   warning  'math' is not defined                               no-undef
   593:26   warning  'math' is not defined                               no-undef
   593:37   warning  'math' is not defined                               no-undef
   593:51   warning  'c21' is not defined                                no-undef
   593:60   warning  'c22' is not defined                                no-undef
   593:69   warning  'c23' is not defined                                no-undef
   593:73   warning  'a32' is not defined                                no-undef
   593:78   warning  'c24' is not defined                                no-undef
   594:14   warning  'math' is not defined                               no-undef
   594:26   warning  'math' is not defined                               no-undef
   594:37   warning  'math' is not defined                               no-undef
   594:51   warning  'c21' is not defined                                no-undef
   594:55   warning  'a13' is not defined                                no-undef
   594:60   warning  'c22' is not defined                                no-undef
   594:69   warning  'c23' is not defined                                no-undef
   594:73   warning  'a33' is not defined                                no-undef
   594:78   warning  'c24' is not defined                                no-undef
   595:14   warning  'math' is not defined                               no-undef
   595:26   warning  'math' is not defined                               no-undef
   595:37   warning  'math' is not defined                               no-undef
   595:51   warning  'c21' is not defined                                no-undef
   595:55   warning  'a14' is not defined                                no-undef
   595:60   warning  'c22' is not defined                                no-undef
   595:64   warning  'a24' is not defined                                no-undef
   595:69   warning  'c23' is not defined                                no-undef
   595:73   warning  'a34' is not defined                                no-undef
   595:78   warning  'c24' is not defined                                no-undef
   595:82   warning  'a44' is not defined                                no-undef
   599:15   warning  'math' is not defined                               no-undef
   599:27   warning  'math' is not defined                               no-undef
   599:38   warning  'math' is not defined                               no-undef
   599:52   warning  'c11' is not defined                                no-undef
   599:62   warning  'c12' is not defined                                no-undef
   599:72   warning  'c13' is not defined                                no-undef
   599:82   warning  'c14' is not defined                                no-undef
   600:15   warning  'math' is not defined                               no-undef
   600:27   warning  'math' is not defined                               no-undef
   600:38   warning  'math' is not defined                               no-undef
   600:52   warning  'c11' is not defined                                no-undef
   600:62   warning  'c12' is not defined                                no-undef
   600:72   warning  'c13' is not defined                                no-undef
   600:82   warning  'c14' is not defined                                no-undef
   601:15   warning  'math' is not defined                               no-undef
   601:27   warning  'math' is not defined                               no-undef
   601:38   warning  'math' is not defined                               no-undef
   601:52   warning  'c11' is not defined                                no-undef
   601:62   warning  'c12' is not defined                                no-undef
   601:72   warning  'c13' is not defined                                no-undef
   601:82   warning  'c14' is not defined                                no-undef
   602:15   warning  'math' is not defined                               no-undef
   602:27   warning  'math' is not defined                               no-undef
   602:38   warning  'math' is not defined                               no-undef
   602:52   warning  'c11' is not defined                                no-undef
   602:62   warning  'c12' is not defined                                no-undef
   602:72   warning  'c13' is not defined                                no-undef
   602:82   warning  'c14' is not defined                                no-undef
   604:15   warning  'math' is not defined                               no-undef
   604:27   warning  'math' is not defined                               no-undef
   604:38   warning  'math' is not defined                               no-undef
   604:52   warning  'c21' is not defined                                no-undef
   604:62   warning  'c22' is not defined                                no-undef
   604:72   warning  'c23' is not defined                                no-undef
   604:82   warning  'c24' is not defined                                no-undef
   605:15   warning  'math' is not defined                               no-undef
   605:27   warning  'math' is not defined                               no-undef
   605:38   warning  'math' is not defined                               no-undef
   605:52   warning  'c21' is not defined                                no-undef
   605:62   warning  'c22' is not defined                                no-undef
   605:72   warning  'c23' is not defined                                no-undef
   605:82   warning  'c24' is not defined                                no-undef
   606:15   warning  'math' is not defined                               no-undef
   606:27   warning  'math' is not defined                               no-undef
   606:38   warning  'math' is not defined                               no-undef
   606:52   warning  'c21' is not defined                                no-undef
   606:62   warning  'c22' is not defined                                no-undef
   606:72   warning  'c23' is not defined                                no-undef
   606:82   warning  'c24' is not defined                                no-undef
   607:15   warning  'math' is not defined                               no-undef
   607:27   warning  'math' is not defined                               no-undef
   607:38   warning  'math' is not defined                               no-undef
   607:52   warning  'c21' is not defined                                no-undef
   607:62   warning  'c22' is not defined                                no-undef
   607:72   warning  'c23' is not defined                                no-undef
   607:82   warning  'c24' is not defined                                no-undef
   611:16   warning  'math' is not defined                               no-undef
   611:28   warning  'math' is not defined                               no-undef
   611:39   warning  'math' is not defined                               no-undef
   611:53   warning  'c11' is not defined                                no-undef
   611:64   warning  'c12' is not defined                                no-undef
   611:75   warning  'c13' is not defined                                no-undef
   611:86   warning  'c14' is not defined                                no-undef
   612:16   warning  'math' is not defined                               no-undef
   612:28   warning  'math' is not defined                               no-undef
   612:39   warning  'math' is not defined                               no-undef
   612:53   warning  'c11' is not defined                                no-undef
   612:64   warning  'c12' is not defined                                no-undef
   612:75   warning  'c13' is not defined                                no-undef
   612:86   warning  'c14' is not defined                                no-undef
   613:16   warning  'math' is not defined                               no-undef
   613:28   warning  'math' is not defined                               no-undef
   613:39   warning  'math' is not defined                               no-undef
   613:53   warning  'c11' is not defined                                no-undef
   613:64   warning  'c12' is not defined                                no-undef
   613:75   warning  'c13' is not defined                                no-undef
   613:86   warning  'c14' is not defined                                no-undef
   614:16   warning  'math' is not defined                               no-undef
   614:28   warning  'math' is not defined                               no-undef
   614:39   warning  'math' is not defined                               no-undef
   614:53   warning  'c11' is not defined                                no-undef
   614:64   warning  'c12' is not defined                                no-undef
   614:75   warning  'c13' is not defined                                no-undef
   614:86   warning  'c14' is not defined                                no-undef
   616:16   warning  'math' is not defined                               no-undef
   616:28   warning  'math' is not defined                               no-undef
   616:39   warning  'math' is not defined                               no-undef
   616:53   warning  'c21' is not defined                                no-undef
   616:64   warning  'c22' is not defined                                no-undef
   616:75   warning  'c23' is not defined                                no-undef
   616:86   warning  'c24' is not defined                                no-undef
   617:16   warning  'math' is not defined                               no-undef
   617:28   warning  'math' is not defined                               no-undef
   617:39   warning  'math' is not defined                               no-undef
   617:53   warning  'c21' is not defined                                no-undef
   617:64   warning  'c22' is not defined                                no-undef
   617:75   warning  'c23' is not defined                                no-undef
   617:86   warning  'c24' is not defined                                no-undef
   618:16   warning  'math' is not defined                               no-undef
   618:28   warning  'math' is not defined                               no-undef
   618:39   warning  'math' is not defined                               no-undef
   618:53   warning  'c21' is not defined                                no-undef
   618:64   warning  'c22' is not defined                                no-undef
   618:75   warning  'c23' is not defined                                no-undef
   618:86   warning  'c24' is not defined                                no-undef
   619:16   warning  'math' is not defined                               no-undef
   619:28   warning  'math' is not defined                               no-undef
   619:39   warning  'math' is not defined                               no-undef
   619:53   warning  'c21' is not defined                                no-undef
   619:64   warning  'c22' is not defined                                no-undef
   619:75   warning  'c23' is not defined                                no-undef
   619:86   warning  'c24' is not defined                                no-undef
   622:8    warning  'C' is assigned a value but never used              no-unused-vars
   622:11   warning  'math' is not defined                               no-undef
   622:25   warning  'c11' is not defined                                no-undef
   622:30   warning  'c12' is not defined                                no-undef
   622:35   warning  'c13' is not defined                                no-undef
   622:40   warning  'c14' is not defined                                no-undef
   622:46   warning  'c21' is not defined                                no-undef
   622:51   warning  'c22' is not defined                                no-undef
   622:56   warning  'c23' is not defined                                no-undef
   622:61   warning  'c24' is not defined                                no-undef
   623:8    warning  'CA' is assigned a value but never used             no-unused-vars
   623:12   warning  'math' is not defined                               no-undef
   624:8    warning  'CAA' is assigned a value but never used            no-unused-vars
   624:13   warning  'math' is not defined                               no-undef
   625:8    warning  'CAAA' is assigned a value but never used           no-unused-vars
   625:14   warning  'math' is not defined                               no-undef
   633:13   warning  'math' is not defined                               no-undef
   633:27   warning  'c11' is not defined                                no-undef
   633:32   warning  'c12' is not defined                                no-undef
   633:37   warning  'c13' is not defined                                no-undef
   633:42   warning  'c14' is not defined                                no-undef
   633:48   warning  'c21' is not defined                                no-undef
   633:53   warning  'c22' is not defined                                no-undef
   633:58   warning  'c23' is not defined                                no-undef
   633:63   warning  'c24' is not defined                                no-undef
   635:145  warning  'c11' is not defined                                no-undef
   635:155  warning  'c12' is not defined                                no-undef
   635:165  warning  'c13' is not defined                                no-undef
   635:175  warning  'c14' is not defined                                no-undef
   635:187  warning  'c21' is not defined                                no-undef
   635:195  warning  'c22' is not defined                                no-undef
   635:205  warning  'c23' is not defined                                no-undef
   635:215  warning  'c24' is not defined                                no-undef
   637:14   warning  'math' is not defined                               no-undef
   637:26   warning  'math' is not defined                               no-undef
   637:37   warning  'math' is not defined                               no-undef
   637:51   warning  'math' is not defined                               no-undef
   643:13   warning  'math' is not defined                               no-undef
   643:27   warning  'c11' is not defined                                no-undef
   643:32   warning  'c12' is not defined                                no-undef
   643:37   warning  'c13' is not defined                                no-undef
   643:42   warning  'c14' is not defined                                no-undef
   644:13   warning  'math' is not defined                               no-undef
   650:13   warning  'math' is not defined                               no-undef
   650:27   warning  'c21' is not defined                                no-undef
   650:32   warning  'c22' is not defined                                no-undef
   650:37   warning  'c23' is not defined                                no-undef
   650:42   warning  'c24' is not defined                                no-undef
   651:13   warning  'math' is not defined                               no-undef
   662:13   warning  'math' is not defined                               no-undef
   662:27   warning  'c11' is not defined                                no-undef
   662:32   warning  'c12' is not defined                                no-undef
   662:37   warning  'c13' is not defined                                no-undef
   662:42   warning  'c14' is not defined                                no-undef
   662:48   warning  'c21' is not defined                                no-undef
   662:53   warning  'c22' is not defined                                no-undef
   662:58   warning  'c23' is not defined                                no-undef
   662:63   warning  'c24' is not defined                                no-undef
   666:135  warning  'c11' is not defined                                no-undef
   666:145  warning  'c12' is not defined                                no-undef
   666:155  warning  'c13' is not defined                                no-undef
   666:165  warning  'c14' is not defined                                no-undef
   666:177  warning  'c21' is not defined                                no-undef
   666:185  warning  'c22' is not defined                                no-undef
   666:195  warning  'c23' is not defined                                no-undef
   666:205  warning  'c24' is not defined                                no-undef
   697:3    warning  Mixed spaces and tabs                               no-mixed-spaces-and-tabs
   699:3    warning  Mixed spaces and tabs                               no-mixed-spaces-and-tabs
   700:3    warning  Mixed spaces and tabs                               no-mixed-spaces-and-tabs
   701:3    warning  Mixed spaces and tabs                               no-mixed-spaces-and-tabs
   702:3    warning  Mixed spaces and tabs                               no-mixed-spaces-and-tabs
   703:3    warning  Mixed spaces and tabs                               no-mixed-spaces-and-tabs
   704:3    warning  Mixed spaces and tabs                               no-mixed-spaces-and-tabs
   707:3    warning  Mixed spaces and tabs                               no-mixed-spaces-and-tabs
   707:18   warning  'math' is not defined                               no-undef
   708:3    warning  Mixed spaces and tabs                               no-mixed-spaces-and-tabs
   709:3    warning  Mixed spaces and tabs                               no-mixed-spaces-and-tabs
   710:3    warning  Mixed spaces and tabs                               no-mixed-spaces-and-tabs
   711:3    warning  Mixed spaces and tabs                               no-mixed-spaces-and-tabs
   711:17   warning  'math' is not defined                               no-undef
   712:3    warning  Mixed spaces and tabs                               no-mixed-spaces-and-tabs
   712:17   warning  'math' is not defined                               no-undef
   713:3    warning  Mixed spaces and tabs                               no-mixed-spaces-and-tabs
   713:17   warning  'math' is not defined                               no-undef
   714:3    warning  Mixed spaces and tabs                               no-mixed-spaces-and-tabs
   714:17   warning  'math' is not defined                               no-undef
   715:3    warning  Mixed spaces and tabs                               no-mixed-spaces-and-tabs
   715:17   warning  'math' is not defined                               no-undef
   716:3    warning  Mixed spaces and tabs                               no-mixed-spaces-and-tabs
   716:17   warning  'math' is not defined                               no-undef
   717:3    warning  Mixed spaces and tabs                               no-mixed-spaces-and-tabs
   718:3    warning  Mixed spaces and tabs                               no-mixed-spaces-and-tabs
   718:18   warning  'math' is not defined                               no-undef
   718:30   warning  'math' is not defined                               no-undef
   718:41   warning  'math' is not defined                               no-undef
   718:55   warning  'math' is not defined                               no-undef
   718:92   warning  'math' is not defined                               no-undef
   719:3    warning  Mixed spaces and tabs                               no-mixed-spaces-and-tabs
   720:3    warning  Mixed spaces and tabs                               no-mixed-spaces-and-tabs
   721:3    warning  Mixed spaces and tabs                               no-mixed-spaces-and-tabs
   722:3    warning  Mixed spaces and tabs                               no-mixed-spaces-and-tabs
   722:18   warning  'math' is not defined                               no-undef
   723:3    warning  Mixed spaces and tabs                               no-mixed-spaces-and-tabs
   723:18   warning  'math' is not defined                               no-undef
   724:3    warning  Mixed spaces and tabs                               no-mixed-spaces-and-tabs
   724:18   warning  'math' is not defined                               no-undef
   725:3    warning  Mixed spaces and tabs                               no-mixed-spaces-and-tabs
   725:18   warning  'math' is not defined                               no-undef
   726:3    warning  Mixed spaces and tabs                               no-mixed-spaces-and-tabs
   727:3    warning  Mixed spaces and tabs                               no-mixed-spaces-and-tabs
   727:20   warning  'math' is not defined                               no-undef
   728:3    warning  Mixed spaces and tabs                               no-mixed-spaces-and-tabs
   728:21   warning  'math' is not defined                               no-undef
   729:3    warning  Mixed spaces and tabs                               no-mixed-spaces-and-tabs
   729:20   warning  'math' is not defined                               no-undef
   730:3    warning  Mixed spaces and tabs                               no-mixed-spaces-and-tabs
   731:3    warning  Mixed spaces and tabs                               no-mixed-spaces-and-tabs
   731:20   warning  'math' is not defined                               no-undef
   732:3    warning  Mixed spaces and tabs                               no-mixed-spaces-and-tabs
   733:3    warning  Mixed spaces and tabs                               no-mixed-spaces-and-tabs
   733:18   warning  'math' is not defined                               no-undef
   733:30   warning  'math' is not defined                               no-undef
   733:41   warning  'math' is not defined                               no-undef
   733:55   warning  'math' is not defined                               no-undef
   734:3    warning  Mixed spaces and tabs                               no-mixed-spaces-and-tabs
   735:3    warning  Mixed spaces and tabs                               no-mixed-spaces-and-tabs
   736:3    warning  Mixed spaces and tabs                               no-mixed-spaces-and-tabs
   737:3    warning  Mixed spaces and tabs                               no-mixed-spaces-and-tabs
   737:22   warning  'math' is not defined                               no-undef
   738:3    warning  Mixed spaces and tabs                               no-mixed-spaces-and-tabs
   739:3    warning  Mixed spaces and tabs                               no-mixed-spaces-and-tabs
   739:24   warning  'math' is not defined                               no-undef
   740:3    warning  Mixed spaces and tabs                               no-mixed-spaces-and-tabs
   740:24   warning  'math' is not defined                               no-undef
   741:3    warning  Mixed spaces and tabs                               no-mixed-spaces-and-tabs
   741:21   warning  'math' is not defined                               no-undef
   742:3    warning  Mixed spaces and tabs                               no-mixed-spaces-and-tabs
   743:3    warning  Mixed spaces and tabs                               no-mixed-spaces-and-tabs
   743:20   warning  'math' is not defined                               no-undef
   744:3    warning  Mixed spaces and tabs                               no-mixed-spaces-and-tabs
   745:3    warning  Mixed spaces and tabs                               no-mixed-spaces-and-tabs
   745:18   warning  'math' is not defined                               no-undef
   745:30   warning  'math' is not defined                               no-undef
   745:41   warning  'math' is not defined                               no-undef
   745:55   warning  'math' is not defined                               no-undef
   746:3    warning  Mixed spaces and tabs                               no-mixed-spaces-and-tabs
   747:3    warning  Mixed spaces and tabs                               no-mixed-spaces-and-tabs
   748:3    warning  Mixed spaces and tabs                               no-mixed-spaces-and-tabs
   749:3    warning  Mixed spaces and tabs                               no-mixed-spaces-and-tabs
   750:3    warning  Mixed spaces and tabs                               no-mixed-spaces-and-tabs
   751:3    warning  Mixed spaces and tabs                               no-mixed-spaces-and-tabs
   752:3    warning  Mixed spaces and tabs                               no-mixed-spaces-and-tabs
   753:3    warning  Mixed spaces and tabs                               no-mixed-spaces-and-tabs
   753:18   warning  'math' is not defined                               no-undef
   753:30   warning  'math' is not defined                               no-undef
   753:41   warning  'math' is not defined                               no-undef
   753:55   warning  'math' is not defined                               no-undef
   754:3    warning  Mixed spaces and tabs                               no-mixed-spaces-and-tabs
   755:3    warning  Mixed spaces and tabs                               no-mixed-spaces-and-tabs
   756:3    warning  Mixed spaces and tabs                               no-mixed-spaces-and-tabs
   757:3    warning  Mixed spaces and tabs                               no-mixed-spaces-and-tabs
   757:18   warning  'math' is not defined                               no-undef
   757:30   warning  'math' is not defined                               no-undef
   757:41   warning  'math' is not defined                               no-undef
   757:56   warning  'math' is not defined                               no-undef
   757:93   warning  'math' is not defined                               no-undef
   758:3    warning  Mixed spaces and tabs                               no-mixed-spaces-and-tabs
   759:3    warning  Mixed spaces and tabs                               no-mixed-spaces-and-tabs
   760:3    warning  Mixed spaces and tabs                               no-mixed-spaces-and-tabs
   761:3    warning  Mixed spaces and tabs                               no-mixed-spaces-and-tabs
   761:21   warning  'math' is not defined                               no-undef
   762:3    warning  Mixed spaces and tabs                               no-mixed-spaces-and-tabs
   762:11   warning  'a23a42' is already defined                         no-redeclare
   762:20   warning  'math' is not defined                               no-undef
   763:3    warning  Mixed spaces and tabs                               no-mixed-spaces-and-tabs
   763:20   warning  'math' is not defined                               no-undef
   764:3    warning  Mixed spaces and tabs                               no-mixed-spaces-and-tabs
   765:3    warning  Mixed spaces and tabs                               no-mixed-spaces-and-tabs
   765:18   warning  'math' is not defined                               no-undef
   765:30   warning  'math' is not defined                               no-undef
   765:41   warning  'math' is not defined                               no-undef
   765:56   warning  'math' is not defined                               no-undef
   766:3    warning  Mixed spaces and tabs                               no-mixed-spaces-and-tabs
   767:3    warning  Mixed spaces and tabs                               no-mixed-spaces-and-tabs
   768:3    warning  Mixed spaces and tabs                               no-mixed-spaces-and-tabs
   769:3    warning  Mixed spaces and tabs                               no-mixed-spaces-and-tabs
   769:7    warning  'Lobs' is not defined                               no-undef
   769:14   warning  'math' is not defined                               no-undef
   770:3    warning  Mixed spaces and tabs                               no-mixed-spaces-and-tabs
   771:3    warning  Mixed spaces and tabs                               no-mixed-spaces-and-tabs
   790:3    warning  Mixed spaces and tabs                               no-mixed-spaces-and-tabs
   791:3    warning  Mixed spaces and tabs                               no-mixed-spaces-and-tabs
   791:18   warning  'math' is not defined                               no-undef
   792:3    warning  Mixed spaces and tabs                               no-mixed-spaces-and-tabs
   792:20   warning  'math' is not defined                               no-undef
   793:3    warning  Mixed spaces and tabs                               no-mixed-spaces-and-tabs
   793:21   warning  'math' is not defined                               no-undef
   794:3    warning  Mixed spaces and tabs                               no-mixed-spaces-and-tabs
   795:3    warning  Mixed spaces and tabs                               no-mixed-spaces-and-tabs
   795:7    warning  'DCharEqO' is not defined                           no-undef
   796:3    warning  Mixed spaces and tabs                               no-mixed-spaces-and-tabs
   796:54   warning  'DCharEqO' is not defined                           no-undef
   797:3    warning  Mixed spaces and tabs                               no-mixed-spaces-and-tabs
   798:3    warning  Mixed spaces and tabs                               no-mixed-spaces-and-tabs
   799:3    warning  Mixed spaces and tabs                               no-mixed-spaces-and-tabs
   799:11   warning  'a22a43' is already defined                         no-redeclare
   799:20   warning  'math' is not defined                               no-undef
   799:32   warning  'math' is not defined                               no-undef
   799:43   warning  'math' is not defined                               no-undef
   799:57   warning  'math' is not defined                               no-undef
   800:3    warning  Mixed spaces and tabs                               no-mixed-spaces-and-tabs
   800:11   warning  'a23a42' is already defined                         no-redeclare
   800:20   warning  'math' is not defined                               no-undef
   800:32   warning  'math' is not defined                               no-undef
   800:43   warning  'math' is not defined                               no-undef
   800:57   warning  'math' is not defined                               no-undef
   801:3    warning  Mixed spaces and tabs                               no-mixed-spaces-and-tabs
   802:3    warning  Mixed spaces and tabs                               no-mixed-spaces-and-tabs
   802:27   warning  'math' is not defined                               no-undef
   803:3    warning  Mixed spaces and tabs                               no-mixed-spaces-and-tabs
   804:3    warning  Mixed spaces and tabs                               no-mixed-spaces-and-tabs
   804:7    warning  'C1CharEqO' is not defined                          no-undef
   805:3    warning  Mixed spaces and tabs                               no-mixed-spaces-and-tabs
   805:55   warning  'C1CharEqO' is not defined                          no-undef
   806:3    warning  Mixed spaces and tabs                               no-mixed-spaces-and-tabs
   807:3    warning  Mixed spaces and tabs                               no-mixed-spaces-and-tabs
   808:3    warning  Mixed spaces and tabs                               no-mixed-spaces-and-tabs
   809:3    warning  Mixed spaces and tabs                               no-mixed-spaces-and-tabs
   810:3    warning  Mixed spaces and tabs                               no-mixed-spaces-and-tabs
   819:3    warning  Mixed spaces and tabs                               no-mixed-spaces-and-tabs
   820:3    warning  Mixed spaces and tabs                               no-mixed-spaces-and-tabs
   821:2    warning  Mixed spaces and tabs                               no-mixed-spaces-and-tabs
   822:3    warning  Mixed spaces and tabs                               no-mixed-spaces-and-tabs
   823:3    warning  Mixed spaces and tabs                               no-mixed-spaces-and-tabs
   824:4    warning  Mixed spaces and tabs                               no-mixed-spaces-and-tabs
   825:4    warning  Mixed spaces and tabs                               no-mixed-spaces-and-tabs
   826:3    warning  Mixed spaces and tabs                               no-mixed-spaces-and-tabs
   828:1    warning  Mixed spaces and tabs                               no-mixed-spaces-and-tabs
   831:10   warning  'showRankQo' is defined but never used              no-unused-vars
   835:10   warning  'showDetQo' is defined but never used               no-unused-vars
   839:10   warning  'showinfoQo' is defined but never used              no-unused-vars
   843:10   warning  'GVo' is defined but never used                     no-unused-vars
   859:10   warning  'test1' is defined but never used                   no-unused-vars
   864:10   warning  'test2' is defined but never used                   no-unused-vars
   872:10   warning  'str' is defined but never used                     no-unused-vars
   885:10   warning  'plotSSM' is defined but never used                 no-unused-vars
   910:1    warning  Mixed spaces and tabs                               no-mixed-spaces-and-tabs
   914:12   warning  'math' is not defined                               no-undef
   914:21   warning  'math' is not defined                               no-undef
   914:37   warning  'math' is not defined                               no-undef
   914:52   warning  'math' is not defined                               no-undef
   916:2    warning  Mixed spaces and tabs                               no-mixed-spaces-and-tabs
   916:15   warning  'math' is not defined                               no-undef
   916:27   warning  'math' is not defined                               no-undef
   916:38   warning  'math' is not defined                               no-undef
   916:52   warning  'math' is not defined                               no-undef
   916:65   warning  'math' is not defined                               no-undef
   916:79   warning  'math' is not defined                               no-undef
   916:90   warning  'math' is not defined                               no-undef
   918:12   warning  'math' is not defined                               no-undef
   918:24   warning  'math' is not defined                               no-undef
   918:35   warning  'math' is not defined                               no-undef
   918:49   warning  'math' is not defined                               no-undef
   918:61   warning  'math' is not defined                               no-undef
   918:104  warning  Unnecessary semicolon                               no-extra-semi
   919:11   warning  'math' is not defined                               no-undef
   919:23   warning  'math' is not defined                               no-undef
   919:34   warning  'math' is not defined                               no-undef
   919:48   warning  'math' is not defined                               no-undef
   919:60   warning  'math' is not defined                               no-undef
   919:71   warning  'math' is not defined                               no-undef
   919:111  warning  Unnecessary semicolon                               no-extra-semi
   921:12   warning  'math' is not defined                               no-undef
   921:24   warning  'math' is not defined                               no-undef
   921:35   warning  'math' is not defined                               no-undef
   921:49   warning  'math' is not defined                               no-undef
   921:62   warning  'math' is not defined                               no-undef
   921:101  warning  Unnecessary semicolon                               no-extra-semi
   922:12   warning  'math' is not defined                               no-undef
   922:24   warning  'math' is not defined                               no-undef
   922:35   warning  'math' is not defined                               no-undef
   922:49   warning  'math' is not defined                               no-undef
   922:61   warning  'math' is not defined                               no-undef
   922:70   warning  'math' is not defined                               no-undef
   922:93   warning  'math' is not defined                               no-undef
   922:135  warning  Unnecessary semicolon                               no-extra-semi
   923:11   warning  'math' is not defined                               no-undef
   923:23   warning  'math' is not defined                               no-undef
   923:34   warning  'math' is not defined                               no-undef
   923:48   warning  'math' is not defined                               no-undef
   923:60   warning  'math' is not defined                               no-undef
   923:97   warning  Unnecessary semicolon                               no-extra-semi
   925:12   warning  'a13' is not defined                                no-undef
   925:16   warning  'a14' is not defined                                no-undef
   925:20   warning  'a21' is not defined                                no-undef
   925:24   warning  'a24' is not defined                                no-undef
   925:28   warning  'a31' is not defined                                no-undef
   925:32   warning  'a32' is not defined                                no-undef
   925:36   warning  'a33' is not defined                                no-undef
   925:40   warning  'a41' is not defined                                no-undef
   925:44   warning  'a44' is not defined                                no-undef
   925:48   warning  'b1' is not defined                                 no-undef
   925:51   warning  'b3' is not defined                                 no-undef
   925:54   warning  'c12' is not defined                                no-undef
   925:58   warning  'c13' is not defined                                no-undef
   925:62   warning  'c14' is not defined                                no-undef
   925:66   warning  'c21' is not defined                                no-undef
   925:70   warning  'c22' is not defined                                no-undef
   925:74   warning  'c24' is not defined                                no-undef
   926:12   warning  'a34' is not defined                                no-undef
   926:16   warning  'c11' is not defined                                no-undef
   926:20   warning  'c23' is not defined                                no-undef
   928:8    warning  'mA' is assigned a value but never used             no-unused-vars
   928:13   warning  'math' is not defined                               no-undef
   928:37   warning  'a13' is not defined                                no-undef
   928:42   warning  'a14' is not defined                                no-undef
   928:49   warning  'a21' is not defined                                no-undef
   928:64   warning  'a24' is not defined                                no-undef
   928:71   warning  'a31' is not defined                                no-undef
   928:76   warning  'a32' is not defined                                no-undef
   928:81   warning  'a33' is not defined                                no-undef
   928:86   warning  'a34' is not defined                                no-undef
   928:93   warning  'a41' is not defined                                no-undef
   928:108  warning  'a44' is not defined                                no-undef
   929:23   warning  'math' is not defined                               no-undef
   929:37   warning  'c11' is not defined                                no-undef
   929:42   warning  'c12' is not defined                                no-undef
   929:47   warning  'c13' is not defined                                no-undef
   929:52   warning  'c14' is not defined                                no-undef
   930:13   warning  'math' is not defined                               no-undef
   930:27   warning  'b1' is not defined                                 no-undef
   930:39   warning  'b3' is not defined                                 no-undef
   932:26   warning  'a21' is not defined                                no-undef
   932:30   warning  'a13' is not defined                                no-undef
   932:34   warning  'a31' is not defined                                no-undef
   932:38   warning  'a14' is not defined                                no-undef
   932:42   warning  'a41' is not defined                                no-undef
   933:30   warning  'a13' is not defined                                no-undef
   933:34   warning  'a32' is not defined                                no-undef
   933:38   warning  'a14' is not defined                                no-undef
   934:18   warning  'a13' is not defined                                no-undef
   934:30   warning  'a13' is not defined                                no-undef
   934:34   warning  'a33' is not defined                                no-undef
   934:38   warning  'a14' is not defined                                no-undef
   935:18   warning  'a14' is not defined                                no-undef
   935:26   warning  'a24' is not defined                                no-undef
   935:30   warning  'a13' is not defined                                no-undef
   935:34   warning  'a34' is not defined                                no-undef
   935:38   warning  'a14' is not defined                                no-undef
   935:42   warning  'a44' is not defined                                no-undef
   937:14   warning  'a21' is not defined                                no-undef
   937:27   warning  'a21' is not defined                                no-undef
   937:36   warning  'a31' is not defined                                no-undef
   937:41   warning  'a24' is not defined                                no-undef
   937:45   warning  'a41' is not defined                                no-undef
   938:14   warning  'a21' is not defined                                no-undef
   938:36   warning  'a32' is not defined                                no-undef
   938:41   warning  'a24' is not defined                                no-undef
   939:14   warning  'a21' is not defined                                no-undef
   939:18   warning  'a13' is not defined                                no-undef
   939:36   warning  'a33' is not defined                                no-undef
   939:41   warning  'a24' is not defined                                no-undef
   940:14   warning  'a21' is not defined                                no-undef
   940:18   warning  'a14' is not defined                                no-undef
   940:27   warning  'a24' is not defined                                no-undef
   940:36   warning  'a34' is not defined                                no-undef
   940:41   warning  'a24' is not defined                                no-undef
   940:45   warning  'a44' is not defined                                no-undef
   942:14   warning  'a31' is not defined                                no-undef
   942:23   warning  'a32' is not defined                                no-undef
   942:27   warning  'a21' is not defined                                no-undef
   942:32   warning  'a33' is not defined                                no-undef
   942:36   warning  'a31' is not defined                                no-undef
   942:41   warning  'a34' is not defined                                no-undef
   942:45   warning  'a41' is not defined                                no-undef
   943:14   warning  'a31' is not defined                                no-undef
   943:23   warning  'a32' is not defined                                no-undef
   943:32   warning  'a33' is not defined                                no-undef
   943:36   warning  'a32' is not defined                                no-undef
   943:41   warning  'a34' is not defined                                no-undef
   944:14   warning  'a31' is not defined                                no-undef
   944:18   warning  'a13' is not defined                                no-undef
   944:23   warning  'a32' is not defined                                no-undef
   944:32   warning  'a33' is not defined                                no-undef
   944:36   warning  'a33' is not defined                                no-undef
   944:41   warning  'a34' is not defined                                no-undef
   945:14   warning  'a31' is not defined                                no-undef
   945:18   warning  'a14' is not defined                                no-undef
   945:23   warning  'a32' is not defined                                no-undef
   945:27   warning  'a24' is not defined                                no-undef
   945:32   warning  'a33' is not defined                                no-undef
   945:36   warning  'a34' is not defined                                no-undef
   945:41   warning  'a34' is not defined                                no-undef
   945:45   warning  'a44' is not defined                                no-undef
   947:14   warning  'a41' is not defined                                no-undef
   947:27   warning  'a21' is not defined                                no-undef
   947:36   warning  'a31' is not defined                                no-undef
   947:41   warning  'a44' is not defined                                no-undef
   947:45   warning  'a41' is not defined                                no-undef
   948:14   warning  'a41' is not defined                                no-undef
   948:36   warning  'a32' is not defined                                no-undef
   948:41   warning  'a44' is not defined                                no-undef
   949:14   warning  'a41' is not defined                                no-undef
   949:18   warning  'a13' is not defined                                no-undef
   949:36   warning  'a33' is not defined                                no-undef
   949:41   warning  'a44' is not defined                                no-undef
   950:14   warning  'a41' is not defined                                no-undef
   950:18   warning  'a14' is not defined                                no-undef
   950:27   warning  'a24' is not defined                                no-undef
   950:36   warning  'a34' is not defined                                no-undef
   950:41   warning  'a44' is not defined                                no-undef
   950:45   warning  'a44' is not defined                                no-undef
   954:33   warning  'a13' is not defined                                no-undef
   954:42   warning  'a14' is not defined                                no-undef
   955:33   warning  'a13' is not defined                                no-undef
   955:42   warning  'a14' is not defined                                no-undef
   956:33   warning  'a13' is not defined                                no-undef
   956:42   warning  'a14' is not defined                                no-undef
   957:33   warning  'a13' is not defined                                no-undef
   957:42   warning  'a14' is not defined                                no-undef
   959:15   warning  'a21' is not defined                                no-undef
   959:45   warning  'a24' is not defined                                no-undef
   960:15   warning  'a21' is not defined                                no-undef
   960:45   warning  'a24' is not defined                                no-undef
   961:15   warning  'a21' is not defined                                no-undef
   961:45   warning  'a24' is not defined                                no-undef
   962:15   warning  'a21' is not defined                                no-undef
   962:45   warning  'a24' is not defined                                no-undef
   964:15   warning  'a31' is not defined                                no-undef
   964:25   warning  'a32' is not defined                                no-undef
   964:35   warning  'a33' is not defined                                no-undef
   964:45   warning  'a34' is not defined                                no-undef
   965:15   warning  'a31' is not defined                                no-undef
   965:25   warning  'a32' is not defined                                no-undef
   965:35   warning  'a33' is not defined                                no-undef
   965:45   warning  'a34' is not defined                                no-undef
   966:15   warning  'a31' is not defined                                no-undef
   966:25   warning  'a32' is not defined                                no-undef
   966:35   warning  'a33' is not defined                                no-undef
   966:45   warning  'a34' is not defined                                no-undef
   967:15   warning  'a31' is not defined                                no-undef
   967:25   warning  'a32' is not defined                                no-undef
   967:35   warning  'a33' is not defined                                no-undef
   967:45   warning  'a34' is not defined                                no-undef
   969:15   warning  'a41' is not defined                                no-undef
   969:45   warning  'a44' is not defined                                no-undef
   970:15   warning  'a41' is not defined                                no-undef
   970:45   warning  'a44' is not defined                                no-undef
   971:15   warning  'a41' is not defined                                no-undef
   971:45   warning  'a44' is not defined                                no-undef
   972:15   warning  'a41' is not defined                                no-undef
   972:45   warning  'a44' is not defined                                no-undef
   976:13   warning  'math' is not defined                               no-undef
   976:25   warning  'math' is not defined                               no-undef
   976:36   warning  'math' is not defined                               no-undef
   976:50   warning  'b1' is not defined                                 no-undef
   976:66   warning  'b3' is not defined                                 no-undef
   976:69   warning  'a13' is not defined                                no-undef
   976:77   warning  'a14' is not defined                                no-undef
   977:13   warning  'math' is not defined                               no-undef
   977:25   warning  'math' is not defined                               no-undef
   977:36   warning  'math' is not defined                               no-undef
   977:50   warning  'b1' is not defined                                 no-undef
   977:53   warning  'a21' is not defined                                no-undef
   977:66   warning  'b3' is not defined                                 no-undef
   977:77   warning  'a24' is not defined                                no-undef
   978:13   warning  'math' is not defined                               no-undef
   978:25   warning  'math' is not defined                               no-undef
   978:36   warning  'math' is not defined                               no-undef
   978:50   warning  'b1' is not defined                                 no-undef
   978:53   warning  'a31' is not defined                                no-undef
   978:61   warning  'a32' is not defined                                no-undef
   978:66   warning  'b3' is not defined                                 no-undef
   978:69   warning  'a33' is not defined                                no-undef
   978:77   warning  'a34' is not defined                                no-undef
   979:13   warning  'math' is not defined                               no-undef
   979:25   warning  'math' is not defined                               no-undef
   979:36   warning  'math' is not defined                               no-undef
   979:50   warning  'b1' is not defined                                 no-undef
   979:53   warning  'a41' is not defined                                no-undef
   979:66   warning  'b3' is not defined                                 no-undef
   979:77   warning  'a44' is not defined                                no-undef
   983:14   warning  'math' is not defined                               no-undef
   983:26   warning  'math' is not defined                               no-undef
   983:37   warning  'math' is not defined                               no-undef
   983:51   warning  'b1' is not defined                                 no-undef
   983:69   warning  'b3' is not defined                                 no-undef
   984:14   warning  'math' is not defined                               no-undef
   984:26   warning  'math' is not defined                               no-undef
   984:37   warning  'math' is not defined                               no-undef
   984:51   warning  'b1' is not defined                                 no-undef
   984:69   warning  'b3' is not defined                                 no-undef
   985:14   warning  'math' is not defined                               no-undef
   985:26   warning  'math' is not defined                               no-undef
   985:37   warning  'math' is not defined                               no-undef
   985:51   warning  'b1' is not defined                                 no-undef
   985:69   warning  'b3' is not defined                                 no-undef
   986:14   warning  'math' is not defined                               no-undef
   986:26   warning  'math' is not defined                               no-undef
   986:37   warning  'math' is not defined                               no-undef
   986:51   warning  'b1' is not defined                                 no-undef
   986:69   warning  'b3' is not defined                                 no-undef
   990:15   warning  'math' is not defined                               no-undef
   990:27   warning  'math' is not defined                               no-undef
   990:38   warning  'math' is not defined                               no-undef
   990:52   warning  'b1' is not defined                                 no-undef
   990:72   warning  'b3' is not defined                                 no-undef
   991:15   warning  'math' is not defined                               no-undef
   991:27   warning  'math' is not defined                               no-undef
   991:38   warning  'math' is not defined                               no-undef
   991:52   warning  'b1' is not defined                                 no-undef
   991:72   warning  'b3' is not defined                                 no-undef
   992:15   warning  'math' is not defined                               no-undef
   992:27   warning  'math' is not defined                               no-undef
   992:38   warning  'math' is not defined                               no-undef
   992:52   warning  'b1' is not defined                                 no-undef
   992:72   warning  'b3' is not defined                                 no-undef
   993:15   warning  'math' is not defined                               no-undef
   993:27   warning  'math' is not defined                               no-undef
   993:38   warning  'math' is not defined                               no-undef
   993:52   warning  'b1' is not defined                                 no-undef
   993:72   warning  'b3' is not defined                                 no-undef
   996:8    warning  'B' is assigned a value but never used              no-unused-vars
   996:11   warning  'math' is not defined                               no-undef
   996:24   warning  'b1' is not defined                                 no-undef
   996:32   warning  'b3' is not defined                                 no-undef
   997:8    warning  'AB' is assigned a value but never used             no-unused-vars
   997:12   warning  'math' is not defined                               no-undef
   998:8    warning  'AAB' is assigned a value but never used            no-unused-vars
   998:13   warning  'math' is not defined                               no-undef
   999:8    warning  'AAAB' is assigned a value but never used           no-unused-vars
   999:14   warning  'math' is not defined                               no-undef
  1010:12   warning  'math' is not defined                               no-undef
  1010:26   warning  'b1' is not defined                                 no-undef
  1010:72   warning  'b3' is not defined                                 no-undef
  1012:146  warning  'b1' is not defined                                 no-undef
  1012:232  warning  'b3' is not defined                                 no-undef
  1014:13   warning  'math' is not defined                               no-undef
  1014:25   warning  'math' is not defined                               no-undef
  1014:36   warning  'math' is not defined                               no-undef
  1014:50   warning  'math' is not defined                               no-undef
  1022:3    warning  Mixed spaces and tabs                               no-mixed-spaces-and-tabs
  1023:3    warning  Mixed spaces and tabs                               no-mixed-spaces-and-tabs
  1024:3    warning  Mixed spaces and tabs                               no-mixed-spaces-and-tabs
  1025:3    warning  Mixed spaces and tabs                               no-mixed-spaces-and-tabs
  1026:3    warning  Mixed spaces and tabs                               no-mixed-spaces-and-tabs
  1027:3    warning  Mixed spaces and tabs                               no-mixed-spaces-and-tabs
  1028:3    warning  Mixed spaces and tabs                               no-mixed-spaces-and-tabs
  1028:22   warning  'math' is not defined                               no-undef
  1029:3    warning  Mixed spaces and tabs                               no-mixed-spaces-and-tabs
  1037:3    warning  Mixed spaces and tabs                               no-mixed-spaces-and-tabs
  1038:3    warning  Mixed spaces and tabs                               no-mixed-spaces-and-tabs
  1038:18   warning  'math' is not defined                               no-undef
  1039:3    warning  Mixed spaces and tabs                               no-mixed-spaces-and-tabs
  1039:18   warning  'math' is not defined                               no-undef
  1040:3    warning  Mixed spaces and tabs                               no-mixed-spaces-and-tabs
  1040:18   warning  'math' is not defined                               no-undef
  1041:3    warning  Mixed spaces and tabs                               no-mixed-spaces-and-tabs
  1041:18   warning  'math' is not defined                               no-undef
  1042:3    warning  Mixed spaces and tabs                               no-mixed-spaces-and-tabs
  1043:3    warning  Mixed spaces and tabs                               no-mixed-spaces-and-tabs
  1057:3    warning  Mixed spaces and tabs                               no-mixed-spaces-and-tabs
  1058:3    warning  Mixed spaces and tabs                               no-mixed-spaces-and-tabs
  1058:17   warning  'math' is not defined                               no-undef
  1059:3    warning  Mixed spaces and tabs                               no-mixed-spaces-and-tabs
  1059:17   warning  'math' is not defined                               no-undef
  1060:3    warning  Mixed spaces and tabs                               no-mixed-spaces-and-tabs
  1060:17   warning  'math' is not defined                               no-undef
  1061:3    warning  Mixed spaces and tabs                               no-mixed-spaces-and-tabs
  1061:17   warning  'math' is not defined                               no-undef
  1062:3    warning  Mixed spaces and tabs                               no-mixed-spaces-and-tabs
  1062:17   warning  'math' is not defined                               no-undef
  1063:3    warning  Mixed spaces and tabs                               no-mixed-spaces-and-tabs
  1063:17   warning  'math' is not defined                               no-undef
  1064:3    warning  Mixed spaces and tabs                               no-mixed-spaces-and-tabs
  1065:3    warning  Mixed spaces and tabs                               no-mixed-spaces-and-tabs
  1072:3    warning  Mixed spaces and tabs                               no-mixed-spaces-and-tabs
  1073:3    warning  Mixed spaces and tabs                               no-mixed-spaces-and-tabs
  1073:43   warning  'math' is not defined                               no-undef
  1073:52   warning  'math' is not defined                               no-undef
  1073:75   warning  'math' is not defined                               no-undef
  1073:102  warning  'math' is not defined                               no-undef
  1073:111  warning  'math' is not defined                               no-undef
  1073:134  warning  'math' is not defined                               no-undef
  1073:157  warning  'math' is not defined                               no-undef
  1073:166  warning  'math' is not defined                               no-undef
  1073:189  warning  'math' is not defined                               no-undef
  1073:216  warning  'math' is not defined                               no-undef
  1073:225  warning  'math' is not defined                               no-undef
  1073:248  warning  'math' is not defined                               no-undef
  1074:3    warning  Mixed spaces and tabs                               no-mixed-spaces-and-tabs
  1074:21   warning  'math' is not defined                               no-undef
  1074:48   warning  'math' is not defined                               no-undef
  1074:86   warning  'math' is not defined                               no-undef
  1074:115  warning  'math' is not defined                               no-undef
  1074:139  warning  'math' is not defined                               no-undef
  1075:3    warning  Mixed spaces and tabs                               no-mixed-spaces-and-tabs
  1075:17   warning  'math' is not defined                               no-undef
  1076:3    warning  Mixed spaces and tabs                               no-mixed-spaces-and-tabs
  1077:3    warning  Mixed spaces and tabs                               no-mixed-spaces-and-tabs
  1077:16   warning  'math' is not defined                               no-undef
  1077:28   warning  'math' is not defined                               no-undef
  1077:39   warning  'math' is not defined                               no-undef
  1078:3    warning  Mixed spaces and tabs                               no-mixed-spaces-and-tabs
  1078:16   warning  'math' is not defined                               no-undef
  1078:28   warning  'math' is not defined                               no-undef
  1078:39   warning  'math' is not defined                               no-undef
  1079:3    warning  Mixed spaces and tabs                               no-mixed-spaces-and-tabs
  1079:16   warning  'math' is not defined                               no-undef
  1079:28   warning  'math' is not defined                               no-undef
  1079:39   warning  'math' is not defined                               no-undef
  1080:3    warning  Mixed spaces and tabs                               no-mixed-spaces-and-tabs
  1080:16   warning  'math' is not defined                               no-undef
  1080:28   warning  'math' is not defined                               no-undef
  1080:39   warning  'math' is not defined                               no-undef
  1081:3    warning  Mixed spaces and tabs                               no-mixed-spaces-and-tabs
  1082:3    warning  Mixed spaces and tabs                               no-mixed-spaces-and-tabs
  1083:3    warning  Mixed spaces and tabs                               no-mixed-spaces-and-tabs
  1084:3    warning  Mixed spaces and tabs                               no-mixed-spaces-and-tabs
  1085:3    warning  Mixed spaces and tabs                               no-mixed-spaces-and-tabs
  1086:3    warning  Mixed spaces and tabs                               no-mixed-spaces-and-tabs
  1087:3    warning  Mixed spaces and tabs                               no-mixed-spaces-and-tabs
  1103:3    warning  Mixed spaces and tabs                               no-mixed-spaces-and-tabs
  1104:3    warning  Mixed spaces and tabs                               no-mixed-spaces-and-tabs
  1104:15   warning  'math' is not defined                               no-undef
  1105:3    warning  Mixed spaces and tabs                               no-mixed-spaces-and-tabs
  1106:3    warning  Mixed spaces and tabs                               no-mixed-spaces-and-tabs
  1107:3    warning  Mixed spaces and tabs                               no-mixed-spaces-and-tabs
  1108:3    warning  Mixed spaces and tabs                               no-mixed-spaces-and-tabs
  1109:3    warning  Mixed spaces and tabs                               no-mixed-spaces-and-tabs
  1109:17   warning  'math' is not defined                               no-undef
  1109:41   warning  'a13' is not defined                                no-undef
  1109:46   warning  'a14' is not defined                                no-undef
  1109:54   warning  'math' is not defined                               no-undef
  1109:76   warning  'math' is not defined                               no-undef
  1109:90   warning  'math' is not defined                               no-undef
  1109:113  warning  'math' is not defined                               no-undef
  1109:127  warning  'math' is not defined                               no-undef
  1109:151  warning  'math' is not defined                               no-undef
  1109:175  warning  'a31' is not defined                                no-undef
  1109:180  warning  'a32' is not defined                                no-undef
  1109:185  warning  'a33' is not defined                                no-undef
  1109:190  warning  'a34' is not defined                                no-undef
  1109:198  warning  'math' is not defined                               no-undef
  1109:220  warning  'math' is not defined                               no-undef
  1109:234  warning  'math' is not defined                               no-undef
  1109:257  warning  'math' is not defined                               no-undef
  1109:271  warning  'math' is not defined                               no-undef
  1109:295  warning  'math' is not defined                               no-undef
  1109:319  warning  Unnecessary semicolon                               no-extra-semi
  1110:3    warning  Mixed spaces and tabs                               no-mixed-spaces-and-tabs
  1111:3    warning  Mixed spaces and tabs                               no-mixed-spaces-and-tabs
  1111:18   warning  'math' is not defined                               no-undef
  1112:3    warning  Mixed spaces and tabs                               no-mixed-spaces-and-tabs
  1112:19   warning  'math' is not defined                               no-undef
  1113:3    warning  Mixed spaces and tabs                               no-mixed-spaces-and-tabs
  1114:3    warning  Mixed spaces and tabs                               no-mixed-spaces-and-tabs
  1114:15   warning  'math' is not defined                               no-undef
  1114:27   warning  'math' is not defined                               no-undef
  1114:38   warning  'math' is not defined                               no-undef
  1114:52   warning  'math' is not defined                               no-undef
  1115:3    warning  Mixed spaces and tabs                               no-mixed-spaces-and-tabs
  1116:3    warning  Mixed spaces and tabs                               no-mixed-spaces-and-tabs
  1117:3    warning  Mixed spaces and tabs                               no-mixed-spaces-and-tabs
  1118:3    warning  Mixed spaces and tabs                               no-mixed-spaces-and-tabs
  1119:3    warning  Mixed spaces and tabs                               no-mixed-spaces-and-tabs
  1120:3    warning  Mixed spaces and tabs                               no-mixed-spaces-and-tabs
  1121:3    warning  Mixed spaces and tabs                               no-mixed-spaces-and-tabs
  1122:3    warning  Mixed spaces and tabs                               no-mixed-spaces-and-tabs
  1123:3    warning  Mixed spaces and tabs                               no-mixed-spaces-and-tabs
  1124:3    warning  Mixed spaces and tabs                               no-mixed-spaces-and-tabs
  1126:1    warning  Mixed spaces and tabs                               no-mixed-spaces-and-tabs
  1129:17   warning  'yop' is assigned a value but never used            no-unused-vars
  1130:1    warning  Mixed spaces and tabs                               no-mixed-spaces-and-tabs
  1131:1    warning  Mixed spaces and tabs                               no-mixed-spaces-and-tabs
  1133:1    warning  Mixed spaces and tabs                               no-mixed-spaces-and-tabs
  1137:1    warning  Mixed spaces and tabs                               no-mixed-spaces-and-tabs
  1138:1    warning  Mixed spaces and tabs                               no-mixed-spaces-and-tabs
  1139:2    warning  Mixed spaces and tabs                               no-mixed-spaces-and-tabs
  1140:1    warning  Mixed spaces and tabs                               no-mixed-spaces-and-tabs
  1140:20   warning  '$' is not defined                                  no-undef
  1141:2    warning  Mixed spaces and tabs                               no-mixed-spaces-and-tabs
  1142:1    warning  Mixed spaces and tabs                               no-mixed-spaces-and-tabs
  1142:18   warning  'math' is not defined                               no-undef
  1146:1    warning  Mixed spaces and tabs                               no-mixed-spaces-and-tabs
  1146:21   warning  '$' is not defined                                  no-undef
  1148:1    warning  Mixed spaces and tabs                               no-mixed-spaces-and-tabs
  1148:22   warning  'math' is not defined                               no-undef
  1150:1    warning  Mixed spaces and tabs                               no-mixed-spaces-and-tabs
  1157:8    warning  'y1_up' is assigned a value but never used          no-unused-vars
  1158:8    warning  'y2_up' is assigned a value but never used          no-unused-vars
  1160:8    warning  'va' is assigned a value but never used             no-unused-vars
  1162:11   warning  Mixed spaces and tabs                               no-mixed-spaces-and-tabs
  1163:10   warning  Mixed spaces and tabs                               no-mixed-spaces-and-tabs
  1164:8    warning  Mixed spaces and tabs                               no-mixed-spaces-and-tabs
  1165:1    warning  Mixed spaces and tabs                               no-mixed-spaces-and-tabs
  1173:16   warning  'a13' is not defined                                no-undef
  1174:16   warning  'a14' is not defined                                no-undef
  1176:16   warning  'a21' is not defined                                no-undef
  1179:16   warning  'a24' is not defined                                no-undef
  1181:16   warning  'a31' is not defined                                no-undef
  1182:16   warning  'a32' is not defined                                no-undef
  1183:16   warning  'a33' is not defined                                no-undef
  1184:16   warning  'a34' is not defined                                no-undef
  1186:16   warning  'a41' is not defined                                no-undef
  1189:16   warning  'a44' is not defined                                no-undef
  1191:16   warning  'b1' is not defined                                 no-undef
  1193:16   warning  'b3' is not defined                                 no-undef
  1196:16   warning  'c11' is not defined                                no-undef
  1197:16   warning  'c12' is not defined                                no-undef
  1198:16   warning  'c13' is not defined                                no-undef
  1199:16   warning  'c14' is not defined                                no-undef
  1201:16   warning  'c21' is not defined                                no-undef
  1202:16   warning  'c22' is not defined                                no-undef
  1203:16   warning  'c23' is not defined                                no-undef
  1204:16   warning  'c24' is not defined                                no-undef
  1213:1    warning  Mixed spaces and tabs                               no-mixed-spaces-and-tabs
  1220:1    warning  Mixed spaces and tabs                               no-mixed-spaces-and-tabs
  1225:2    warning  Mixed spaces and tabs                               no-mixed-spaces-and-tabs
  1229:12   warning  'x_dot' is assigned to itself                       no-self-assign
  1231:13   warning  'math' is not defined                               no-undef
  1231:22   warning  'math' is not defined                               no-undef
  1231:46   warning  'math' is not defined                               no-undef
  1231:60   warning  'math' is not defined                               no-undef
  1231:74   warning  'math' is not defined                               no-undef
  1231:103  warning  'math' is not defined                               no-undef
  1231:117  warning  'math' is not defined                               no-undef
  1231:131  warning  'math' is not defined                               no-undef
  1231:161  warning  'math' is not defined                               no-undef
  1233:16   warning  'theta_dot' is assigned to itself                   no-self-assign
  1235:17   warning  'math' is not defined                               no-undef
  1235:26   warning  'math' is not defined                               no-undef
  1235:50   warning  'math' is not defined                               no-undef
  1235:64   warning  'math' is not defined                               no-undef
  1235:78   warning  'math' is not defined                               no-undef
  1235:107  warning  'math' is not defined                               no-undef
  1235:121  warning  'math' is not defined                               no-undef
  1235:135  warning  'math' is not defined                               no-undef
  1235:165  warning  'math' is not defined                               no-undef
  1239:3    warning  Mixed spaces and tabs                               no-mixed-spaces-and-tabs
  1240:3    warning  Mixed spaces and tabs                               no-mixed-spaces-and-tabs
  1241:3    warning  Mixed spaces and tabs                               no-mixed-spaces-and-tabs
  1242:3    warning  Mixed spaces and tabs                               no-mixed-spaces-and-tabs
  1248:1    warning  Mixed spaces and tabs                               no-mixed-spaces-and-tabs
  1255:1    warning  Mixed spaces and tabs                               no-mixed-spaces-and-tabs
  1260:3    warning  Mixed spaces and tabs                               no-mixed-spaces-and-tabs
  1261:1    warning  Mixed spaces and tabs                               no-mixed-spaces-and-tabs
  1265:3    warning  Mixed spaces and tabs                               no-mixed-spaces-and-tabs
  1266:3    warning  Mixed spaces and tabs                               no-mixed-spaces-and-tabs
  1267:3    warning  Mixed spaces and tabs                               no-mixed-spaces-and-tabs
  1280:2    warning  Mixed spaces and tabs                               no-mixed-spaces-and-tabs
  1288:6    warning  'math' is not defined                               no-undef
  1294:19   warning  'CanvasJS' is not defined                           no-undef
  1297:1    warning  Mixed spaces and tabs                               no-mixed-spaces-and-tabs
  1298:1    warning  Mixed spaces and tabs                               no-mixed-spaces-and-tabs
  1299:2    warning  Mixed spaces and tabs                               no-mixed-spaces-and-tabs
  1300:1    warning  Mixed spaces and tabs                               no-mixed-spaces-and-tabs
  1302:1    warning  Mixed spaces and tabs                               no-mixed-spaces-and-tabs
  1304:1    warning  Mixed spaces and tabs                               no-mixed-spaces-and-tabs
  1305:1    warning  Mixed spaces and tabs                               no-mixed-spaces-and-tabs
  1313:1    warning  Mixed spaces and tabs                               no-mixed-spaces-and-tabs
  1314:2    warning  Mixed spaces and tabs                               no-mixed-spaces-and-tabs
  1334:19   warning  'CanvasJS' is not defined                           no-undef
  1337:1    warning  Mixed spaces and tabs                               no-mixed-spaces-and-tabs
  1338:1    warning  Mixed spaces and tabs                               no-mixed-spaces-and-tabs
  1339:2    warning  Mixed spaces and tabs                               no-mixed-spaces-and-tabs
  1340:1    warning  Mixed spaces and tabs                               no-mixed-spaces-and-tabs
  1342:1    warning  Mixed spaces and tabs                               no-mixed-spaces-and-tabs
  1344:1    warning  Mixed spaces and tabs                               no-mixed-spaces-and-tabs
  1345:1    warning  Mixed spaces and tabs                               no-mixed-spaces-and-tabs
  1353:1    warning  Mixed spaces and tabs                               no-mixed-spaces-and-tabs
  1354:2    warning  Mixed spaces and tabs                               no-mixed-spaces-and-tabs
  1455:3    warning  Mixed spaces and tabs                               no-mixed-spaces-and-tabs
  1456:3    warning  Mixed spaces and tabs                               no-mixed-spaces-and-tabs
  1457:3    warning  Mixed spaces and tabs                               no-mixed-spaces-and-tabs
  1458:3    warning  Mixed spaces and tabs                               no-mixed-spaces-and-tabs
  1459:3    warning  Mixed spaces and tabs                               no-mixed-spaces-and-tabs
  1460:3    warning  Mixed spaces and tabs                               no-mixed-spaces-and-tabs
  1462:3    warning  Mixed spaces and tabs                               no-mixed-spaces-and-tabs
  1463:3    warning  Mixed spaces and tabs                               no-mixed-spaces-and-tabs
  1464:2    warning  Mixed spaces and tabs                               no-mixed-spaces-and-tabs
  1465:3    warning  Mixed spaces and tabs                               no-mixed-spaces-and-tabs
  1466:3    warning  Mixed spaces and tabs                               no-mixed-spaces-and-tabs
  1467:4    warning  Mixed spaces and tabs                               no-mixed-spaces-and-tabs
  1468:4    warning  Mixed spaces and tabs                               no-mixed-spaces-and-tabs
  1469:3    warning  Mixed spaces and tabs                               no-mixed-spaces-and-tabs
  1470:3    warning  Mixed spaces and tabs                               no-mixed-spaces-and-tabs
  1471:1    warning  Mixed spaces and tabs                               no-mixed-spaces-and-tabs
  1477:1    warning  Mixed spaces and tabs                               no-mixed-spaces-and-tabs
  1482:1    warning  Mixed spaces and tabs                               no-mixed-spaces-and-tabs
  1483:1    warning  Mixed spaces and tabs                               no-mixed-spaces-and-tabs
  1491:10   warning  'plotObs' is defined but never used                 no-unused-vars
  1502:1    warning  Mixed spaces and tabs                               no-mixed-spaces-and-tabs
  1518:1    warning  Mixed spaces and tabs                               no-mixed-spaces-and-tabs
  1522:12   warning  'math' is not defined                               no-undef
  1522:21   warning  'math' is not defined                               no-undef
  1522:37   warning  'math' is not defined                               no-undef
  1522:52   warning  'math' is not defined                               no-undef
  1524:2    warning  Mixed spaces and tabs                               no-mixed-spaces-and-tabs
  1524:15   warning  'math' is not defined                               no-undef
  1524:27   warning  'math' is not defined                               no-undef
  1524:38   warning  'math' is not defined                               no-undef
  1524:52   warning  'math' is not defined                               no-undef
  1524:65   warning  'math' is not defined                               no-undef
  1524:79   warning  'math' is not defined                               no-undef
  1524:90   warning  'math' is not defined                               no-undef
  1526:12   warning  'math' is not defined                               no-undef
  1526:24   warning  'math' is not defined                               no-undef
  1526:35   warning  'math' is not defined                               no-undef
  1526:49   warning  'math' is not defined                               no-undef
  1526:61   warning  'math' is not defined                               no-undef
  1526:104  warning  Unnecessary semicolon                               no-extra-semi
  1527:8    warning  'b2' is assigned a value but never used             no-unused-vars
  1527:11   warning  'math' is not defined                               no-undef
  1527:23   warning  'math' is not defined                               no-undef
  1527:34   warning  'math' is not defined                               no-undef
  1527:48   warning  'math' is not defined                               no-undef
  1527:60   warning  'math' is not defined                               no-undef
  1527:71   warning  'math' is not defined                               no-undef
  1527:111  warning  Unnecessary semicolon                               no-extra-semi
  1529:12   warning  'math' is not defined                               no-undef
  1529:24   warning  'math' is not defined                               no-undef
  1529:35   warning  'math' is not defined                               no-undef
  1529:49   warning  'math' is not defined                               no-undef
  1529:62   warning  'math' is not defined                               no-undef
  1529:101  warning  Unnecessary semicolon                               no-extra-semi
  1530:12   warning  'math' is not defined                               no-undef
  1530:24   warning  'math' is not defined                               no-undef
  1530:35   warning  'math' is not defined                               no-undef
  1530:49   warning  'math' is not defined                               no-undef
  1530:61   warning  'math' is not defined                               no-undef
  1530:70   warning  'math' is not defined                               no-undef
  1530:93   warning  'math' is not defined                               no-undef
  1530:135  warning  Unnecessary semicolon                               no-extra-semi
  1531:8    warning  'b4' is assigned a value but never used             no-unused-vars
  1531:11   warning  'math' is not defined                               no-undef
  1531:23   warning  'math' is not defined                               no-undef
  1531:34   warning  'math' is not defined                               no-undef
  1531:48   warning  'math' is not defined                               no-undef
  1531:60   warning  'math' is not defined                               no-undef
  1531:97   warning  Unnecessary semicolon                               no-extra-semi
  1533:12   warning  'a13' is not defined                                no-undef
  1533:16   warning  'a14' is not defined                                no-undef
  1533:20   warning  'a21' is not defined                                no-undef
  1533:24   warning  'a24' is not defined                                no-undef
  1533:28   warning  'a31' is not defined                                no-undef
  1533:32   warning  'a32' is not defined                                no-undef
  1533:36   warning  'a33' is not defined                                no-undef
  1533:40   warning  'a41' is not defined                                no-undef
  1533:44   warning  'a44' is not defined                                no-undef
  1533:48   warning  'b1' is not defined                                 no-undef
  1533:51   warning  'b3' is not defined                                 no-undef
  1533:54   warning  'c12' is not defined                                no-undef
  1533:58   warning  'c13' is not defined                                no-undef
  1533:62   warning  'c14' is not defined                                no-undef
  1533:66   warning  'c21' is not defined                                no-undef
  1533:70   warning  'c22' is not defined                                no-undef
  1533:74   warning  'c24' is not defined                                no-undef
  1534:12   warning  'a34' is not defined                                no-undef
  1534:16   warning  'c11' is not defined                                no-undef
  1534:20   warning  'c23' is not defined                                no-undef
  1537:26   warning  'a21' is not defined                                no-undef
  1537:30   warning  'a13' is not defined                                no-undef
  1537:34   warning  'a31' is not defined                                no-undef
  1537:38   warning  'a14' is not defined                                no-undef
  1537:42   warning  'a41' is not defined                                no-undef
  1538:30   warning  'a13' is not defined                                no-undef
  1538:34   warning  'a32' is not defined                                no-undef
  1538:38   warning  'a14' is not defined                                no-undef
  1539:18   warning  'a13' is not defined                                no-undef
  1539:30   warning  'a13' is not defined                                no-undef
  1539:34   warning  'a33' is not defined                                no-undef
  1539:38   warning  'a14' is not defined                                no-undef
  1540:18   warning  'a14' is not defined                                no-undef
  1540:26   warning  'a24' is not defined                                no-undef
  1540:30   warning  'a13' is not defined                                no-undef
  1540:34   warning  'a34' is not defined                                no-undef
  1540:38   warning  'a14' is not defined                                no-undef
  1540:42   warning  'a44' is not defined                                no-undef
  1542:14   warning  'a21' is not defined                                no-undef
  1542:27   warning  'a21' is not defined                                no-undef
  1542:36   warning  'a31' is not defined                                no-undef
  1542:41   warning  'a24' is not defined                                no-undef
  1542:45   warning  'a41' is not defined                                no-undef
  1543:14   warning  'a21' is not defined                                no-undef
  1543:36   warning  'a32' is not defined                                no-undef
  1543:41   warning  'a24' is not defined                                no-undef
  1544:14   warning  'a21' is not defined                                no-undef
  1544:18   warning  'a13' is not defined                                no-undef
  1544:36   warning  'a33' is not defined                                no-undef
  1544:41   warning  'a24' is not defined                                no-undef
  1545:14   warning  'a21' is not defined                                no-undef
  1545:18   warning  'a14' is not defined                                no-undef
  1545:27   warning  'a24' is not defined                                no-undef
  1545:36   warning  'a34' is not defined                                no-undef
  1545:41   warning  'a24' is not defined                                no-undef
  1545:45   warning  'a44' is not defined                                no-undef
  1547:14   warning  'a31' is not defined                                no-undef
  1547:23   warning  'a32' is not defined                                no-undef
  1547:27   warning  'a21' is not defined                                no-undef
  1547:32   warning  'a33' is not defined                                no-undef
  1547:36   warning  'a31' is not defined                                no-undef
  1547:41   warning  'a34' is not defined                                no-undef
  1547:45   warning  'a41' is not defined                                no-undef
  1548:14   warning  'a31' is not defined                                no-undef
  1548:23   warning  'a32' is not defined                                no-undef
  1548:32   warning  'a33' is not defined                                no-undef
  1548:36   warning  'a32' is not defined                                no-undef
  1548:41   warning  'a34' is not defined                                no-undef
  1549:14   warning  'a31' is not defined                                no-undef
  1549:18   warning  'a13' is not defined                                no-undef
  1549:23   warning  'a32' is not defined                                no-undef
  1549:32   warning  'a33' is not defined                                no-undef
  1549:36   warning  'a33' is not defined                                no-undef
  1549:41   warning  'a34' is not defined                                no-undef
  1550:14   warning  'a31' is not defined                                no-undef
  1550:18   warning  'a14' is not defined                                no-undef
  1550:23   warning  'a32' is not defined                                no-undef
  1550:27   warning  'a24' is not defined                                no-undef
  1550:32   warning  'a33' is not defined                                no-undef
  1550:36   warning  'a34' is not defined                                no-undef
  1550:41   warning  'a34' is not defined                                no-undef
  1550:45   warning  'a44' is not defined                                no-undef
  1552:14   warning  'a41' is not defined                                no-undef
  1552:27   warning  'a21' is not defined                                no-undef
  1552:36   warning  'a31' is not defined                                no-undef
  1552:41   warning  'a44' is not defined                                no-undef
  1552:45   warning  'a41' is not defined                                no-undef
  1553:14   warning  'a41' is not defined                                no-undef
  1553:36   warning  'a32' is not defined                                no-undef
  1553:41   warning  'a44' is not defined                                no-undef
  1554:14   warning  'a41' is not defined                                no-undef
  1554:18   warning  'a13' is not defined                                no-undef
  1554:36   warning  'a33' is not defined                                no-undef
  1554:41   warning  'a44' is not defined                                no-undef
  1555:14   warning  'a41' is not defined                                no-undef
  1555:18   warning  'a14' is not defined                                no-undef
  1555:27   warning  'a24' is not defined                                no-undef
  1555:36   warning  'a34' is not defined                                no-undef
  1555:41   warning  'a44' is not defined                                no-undef
  1555:45   warning  'a44' is not defined                                no-undef
  1559:33   warning  'a13' is not defined                                no-undef
  1559:42   warning  'a14' is not defined                                no-undef
  1560:33   warning  'a13' is not defined                                no-undef
  1560:42   warning  'a14' is not defined                                no-undef
  1561:33   warning  'a13' is not defined                                no-undef
  1561:42   warning  'a14' is not defined                                no-undef
  1562:33   warning  'a13' is not defined                                no-undef
  1562:42   warning  'a14' is not defined                                no-undef
  1564:15   warning  'a21' is not defined                                no-undef
  1564:45   warning  'a24' is not defined                                no-undef
  1565:15   warning  'a21' is not defined                                no-undef
  1565:45   warning  'a24' is not defined                                no-undef
  1566:15   warning  'a21' is not defined                                no-undef
  1566:45   warning  'a24' is not defined                                no-undef
  1567:15   warning  'a21' is not defined                                no-undef
  1567:45   warning  'a24' is not defined                                no-undef
  1569:15   warning  'a31' is not defined                                no-undef
  1569:25   warning  'a32' is not defined                                no-undef
  1569:35   warning  'a33' is not defined                                no-undef
  1569:45   warning  'a34' is not defined                                no-undef
  1570:15   warning  'a31' is not defined                                no-undef
  1570:25   warning  'a32' is not defined                                no-undef
  1570:35   warning  'a33' is not defined                                no-undef
  1570:45   warning  'a34' is not defined                                no-undef
  1571:15   warning  'a31' is not defined                                no-undef
  1571:25   warning  'a32' is not defined                                no-undef
  1571:35   warning  'a33' is not defined                                no-undef
  1571:45   warning  'a34' is not defined                                no-undef
  1572:15   warning  'a31' is not defined                                no-undef
  1572:25   warning  'a32' is not defined                                no-undef
  1572:35   warning  'a33' is not defined                                no-undef
  1572:45   warning  'a34' is not defined                                no-undef
  1574:15   warning  'a41' is not defined                                no-undef
  1574:45   warning  'a44' is not defined                                no-undef
  1575:15   warning  'a41' is not defined                                no-undef
  1575:45   warning  'a44' is not defined                                no-undef
  1576:15   warning  'a41' is not defined                                no-undef
  1576:45   warning  'a44' is not defined                                no-undef
  1577:15   warning  'a41' is not defined                                no-undef
  1577:45   warning  'a44' is not defined                                no-undef
  1581:14   warning  'math' is not defined                               no-undef
  1581:26   warning  'math' is not defined                               no-undef
  1581:37   warning  'math' is not defined                               no-undef
  1581:51   warning  'c11' is not defined                                no-undef
  1581:60   warning  'c12' is not defined                                no-undef
  1581:64   warning  'a21' is not defined                                no-undef
  1581:69   warning  'c13' is not defined                                no-undef
  1581:73   warning  'a31' is not defined                                no-undef
  1581:78   warning  'c14' is not defined                                no-undef
  1581:82   warning  'a41' is not defined                                no-undef
  1582:14   warning  'math' is not defined                               no-undef
  1582:26   warning  'math' is not defined                               no-undef
  1582:37   warning  'math' is not defined                               no-undef
  1582:51   warning  'c11' is not defined                                no-undef
  1582:60   warning  'c12' is not defined                                no-undef
  1582:69   warning  'c13' is not defined                                no-undef
  1582:73   warning  'a32' is not defined                                no-undef
  1582:78   warning  'c14' is not defined                                no-undef
  1583:14   warning  'math' is not defined                               no-undef
  1583:26   warning  'math' is not defined                               no-undef
  1583:37   warning  'math' is not defined                               no-undef
  1583:51   warning  'c11' is not defined                                no-undef
  1583:55   warning  'a13' is not defined                                no-undef
  1583:60   warning  'c12' is not defined                                no-undef
  1583:69   warning  'c13' is not defined                                no-undef
  1583:73   warning  'a33' is not defined                                no-undef
  1583:78   warning  'c14' is not defined                                no-undef
  1584:14   warning  'math' is not defined                               no-undef
  1584:26   warning  'math' is not defined                               no-undef
  1584:37   warning  'math' is not defined                               no-undef
  1584:51   warning  'c11' is not defined                                no-undef
  1584:55   warning  'a14' is not defined                                no-undef
  1584:60   warning  'c12' is not defined                                no-undef
  1584:64   warning  'a24' is not defined                                no-undef
  1584:69   warning  'c13' is not defined                                no-undef
  1584:73   warning  'a34' is not defined                                no-undef
  1584:78   warning  'c14' is not defined                                no-undef
  1584:82   warning  'a44' is not defined                                no-undef
  1586:14   warning  'math' is not defined                               no-undef
  1586:26   warning  'math' is not defined                               no-undef
  1586:37   warning  'math' is not defined                               no-undef
  1586:51   warning  'c21' is not defined                                no-undef
  1586:60   warning  'c22' is not defined                                no-undef
  1586:64   warning  'a21' is not defined                                no-undef
  1586:69   warning  'c23' is not defined                                no-undef
  1586:73   warning  'a31' is not defined                                no-undef
  1586:78   warning  'c24' is not defined                                no-undef
  1586:82   warning  'a41' is not defined                                no-undef
  1587:14   warning  'math' is not defined                               no-undef
  1587:26   warning  'math' is not defined                               no-undef
  1587:37   warning  'math' is not defined                               no-undef
  1587:51   warning  'c21' is not defined                                no-undef
  1587:60   warning  'c22' is not defined                                no-undef
  1587:69   warning  'c23' is not defined                                no-undef
  1587:73   warning  'a32' is not defined                                no-undef
  1587:78   warning  'c24' is not defined                                no-undef
  1588:14   warning  'math' is not defined                               no-undef
  1588:26   warning  'math' is not defined                               no-undef
  1588:37   warning  'math' is not defined                               no-undef
  1588:51   warning  'c21' is not defined                                no-undef
  1588:55   warning  'a13' is not defined                                no-undef
  1588:60   warning  'c22' is not defined                                no-undef
  1588:69   warning  'c23' is not defined                                no-undef
  1588:73   warning  'a33' is not defined                                no-undef
  1588:78   warning  'c24' is not defined                                no-undef
  1589:14   warning  'math' is not defined                               no-undef
  1589:26   warning  'math' is not defined                               no-undef
  1589:37   warning  'math' is not defined                               no-undef
  1589:51   warning  'c21' is not defined                                no-undef
  1589:55   warning  'a14' is not defined                                no-undef
  1589:60   warning  'c22' is not defined                                no-undef
  1589:64   warning  'a24' is not defined                                no-undef
  1589:69   warning  'c23' is not defined                                no-undef
  1589:73   warning  'a34' is not defined                                no-undef
  1589:78   warning  'c24' is not defined                                no-undef
  1589:82   warning  'a44' is not defined                                no-undef
  1593:15   warning  'math' is not defined                               no-undef
  1593:27   warning  'math' is not defined                               no-undef
  1593:38   warning  'math' is not defined                               no-undef
  1593:52   warning  'c11' is not defined                                no-undef
  1593:62   warning  'c12' is not defined                                no-undef
  1593:72   warning  'c13' is not defined                                no-undef
  1593:82   warning  'c14' is not defined                                no-undef
  1594:15   warning  'math' is not defined                               no-undef
  1594:27   warning  'math' is not defined                               no-undef
  1594:38   warning  'math' is not defined                               no-undef
  1594:52   warning  'c11' is not defined                                no-undef
  1594:62   warning  'c12' is not defined                                no-undef
  1594:72   warning  'c13' is not defined                                no-undef
  1594:82   warning  'c14' is not defined                                no-undef
  1595:15   warning  'math' is not defined                               no-undef
  1595:27   warning  'math' is not defined                               no-undef
  1595:38   warning  'math' is not defined                               no-undef
  1595:52   warning  'c11' is not defined                                no-undef
  1595:62   warning  'c12' is not defined                                no-undef
  1595:72   warning  'c13' is not defined                                no-undef
  1595:82   warning  'c14' is not defined                                no-undef
  1596:15   warning  'math' is not defined                               no-undef
  1596:27   warning  'math' is not defined                               no-undef
  1596:38   warning  'math' is not defined                               no-undef
  1596:52   warning  'c11' is not defined                                no-undef
  1596:62   warning  'c12' is not defined                                no-undef
  1596:72   warning  'c13' is not defined                                no-undef
  1596:82   warning  'c14' is not defined                                no-undef
  1598:15   warning  'math' is not defined                               no-undef
  1598:27   warning  'math' is not defined                               no-undef
  1598:38   warning  'math' is not defined                               no-undef
  1598:52   warning  'c21' is not defined                                no-undef
  1598:62   warning  'c22' is not defined                                no-undef
  1598:72   warning  'c23' is not defined                                no-undef
  1598:82   warning  'c24' is not defined                                no-undef
  1599:15   warning  'math' is not defined                               no-undef
  1599:27   warning  'math' is not defined                               no-undef
  1599:38   warning  'math' is not defined                               no-undef
  1599:52   warning  'c21' is not defined                                no-undef
  1599:62   warning  'c22' is not defined                                no-undef
  1599:72   warning  'c23' is not defined                                no-undef
  1599:82   warning  'c24' is not defined                                no-undef
  1600:15   warning  'math' is not defined                               no-undef
  1600:27   warning  'math' is not defined                               no-undef
  1600:38   warning  'math' is not defined                               no-undef
  1600:52   warning  'c21' is not defined                                no-undef
  1600:62   warning  'c22' is not defined                                no-undef
  1600:72   warning  'c23' is not defined                                no-undef
  1600:82   warning  'c24' is not defined                                no-undef
  1601:15   warning  'math' is not defined                               no-undef
  1601:27   warning  'math' is not defined                               no-undef
  1601:38   warning  'math' is not defined                               no-undef
  1601:52   warning  'c21' is not defined                                no-undef
  1601:62   warning  'c22' is not defined                                no-undef
  1601:72   warning  'c23' is not defined                                no-undef
  1601:82   warning  'c24' is not defined                                no-undef
  1605:16   warning  'math' is not defined                               no-undef
  1605:28   warning  'math' is not defined                               no-undef
  1605:39   warning  'math' is not defined                               no-undef
  1605:53   warning  'c11' is not defined                                no-undef
  1605:64   warning  'c12' is not defined                                no-undef
  1605:75   warning  'c13' is not defined                                no-undef
  1605:86   warning  'c14' is not defined                                no-undef
  1606:16   warning  'math' is not defined                               no-undef
  1606:28   warning  'math' is not defined                               no-undef
  1606:39   warning  'math' is not defined                               no-undef
  1606:53   warning  'c11' is not defined                                no-undef
  1606:64   warning  'c12' is not defined                                no-undef
  1606:75   warning  'c13' is not defined                                no-undef
  1606:86   warning  'c14' is not defined                                no-undef
  1607:16   warning  'math' is not defined                               no-undef
  1607:28   warning  'math' is not defined                               no-undef
  1607:39   warning  'math' is not defined                               no-undef
  1607:53   warning  'c11' is not defined                                no-undef
  1607:64   warning  'c12' is not defined                                no-undef
  1607:75   warning  'c13' is not defined                                no-undef
  1607:86   warning  'c14' is not defined                                no-undef
  1608:16   warning  'math' is not defined                               no-undef
  1608:28   warning  'math' is not defined                               no-undef
  1608:39   warning  'math' is not defined                               no-undef
  1608:53   warning  'c11' is not defined                                no-undef
  1608:64   warning  'c12' is not defined                                no-undef
  1608:75   warning  'c13' is not defined                                no-undef
  1608:86   warning  'c14' is not defined                                no-undef
  1610:16   warning  'math' is not defined                               no-undef
  1610:28   warning  'math' is not defined                               no-undef
  1610:39   warning  'math' is not defined                               no-undef
  1610:53   warning  'c21' is not defined                                no-undef
  1610:64   warning  'c22' is not defined                                no-undef
  1610:75   warning  'c23' is not defined                                no-undef
  1610:86   warning  'c24' is not defined                                no-undef
  1611:16   warning  'math' is not defined                               no-undef
  1611:28   warning  'math' is not defined                               no-undef
  1611:39   warning  'math' is not defined                               no-undef
  1611:53   warning  'c21' is not defined                                no-undef
  1611:64   warning  'c22' is not defined                                no-undef
  1611:75   warning  'c23' is not defined                                no-undef
  1611:86   warning  'c24' is not defined                                no-undef
  1612:16   warning  'math' is not defined                               no-undef
  1612:28   warning  'math' is not defined                               no-undef
  1612:39   warning  'math' is not defined                               no-undef
  1612:53   warning  'c21' is not defined                                no-undef
  1612:64   warning  'c22' is not defined                                no-undef
  1612:75   warning  'c23' is not defined                                no-undef
  1612:86   warning  'c24' is not defined                                no-undef
  1613:16   warning  'math' is not defined                               no-undef
  1613:28   warning  'math' is not defined                               no-undef
  1613:39   warning  'math' is not defined                               no-undef
  1613:53   warning  'c21' is not defined                                no-undef
  1613:64   warning  'c22' is not defined                                no-undef
  1613:75   warning  'c23' is not defined                                no-undef
  1613:86   warning  'c24' is not defined                                no-undef
  1616:8    warning  'C' is assigned a value but never used              no-unused-vars
  1616:11   warning  'math' is not defined                               no-undef
  1616:25   warning  'c11' is not defined                                no-undef
  1616:30   warning  'c12' is not defined                                no-undef
  1616:35   warning  'c13' is not defined                                no-undef
  1616:40   warning  'c14' is not defined                                no-undef
  1616:46   warning  'c21' is not defined                                no-undef
  1616:51   warning  'c22' is not defined                                no-undef
  1616:56   warning  'c23' is not defined                                no-undef
  1616:61   warning  'c24' is not defined                                no-undef
  1617:8    warning  'CA' is assigned a value but never used             no-unused-vars
  1617:12   warning  'math' is not defined                               no-undef
  1618:8    warning  'CAA' is assigned a value but never used            no-unused-vars
  1618:13   warning  'math' is not defined                               no-undef
  1619:8    warning  'CAAA' is assigned a value but never used           no-unused-vars
  1619:14   warning  'math' is not defined                               no-undef
  1627:13   warning  'math' is not defined                               no-undef
  1627:27   warning  'c11' is not defined                                no-undef
  1627:32   warning  'c12' is not defined                                no-undef
  1627:37   warning  'c13' is not defined                                no-undef
  1627:42   warning  'c14' is not defined                                no-undef
  1627:48   warning  'c21' is not defined                                no-undef
  1627:53   warning  'c22' is not defined                                no-undef
  1627:58   warning  'c23' is not defined                                no-undef
  1627:63   warning  'c24' is not defined                                no-undef
  1629:145  warning  'c11' is not defined                                no-undef
  1629:155  warning  'c12' is not defined                                no-undef
  1629:165  warning  'c13' is not defined                                no-undef
  1629:175  warning  'c14' is not defined                                no-undef
  1629:187  warning  'c21' is not defined                                no-undef
  1629:195  warning  'c22' is not defined                                no-undef
  1629:205  warning  'c23' is not defined                                no-undef
  1629:215  warning  'c24' is not defined                                no-undef
  1631:14   warning  'math' is not defined                               no-undef
  1631:26   warning  'math' is not defined                               no-undef
  1631:37   warning  'math' is not defined                               no-undef
  1631:51   warning  'math' is not defined                               no-undef
  1637:13   warning  'math' is not defined                               no-undef
  1637:27   warning  'c11' is not defined                                no-undef
  1637:32   warning  'c12' is not defined                                no-undef
  1637:37   warning  'c13' is not defined                                no-undef
  1637:42   warning  'c14' is not defined                                no-undef
  1638:13   warning  'math' is not defined                               no-undef
  1644:13   warning  'math' is not defined                               no-undef
  1644:27   warning  'c21' is not defined                                no-undef
  1644:32   warning  'c22' is not defined                                no-undef
  1644:37   warning  'c23' is not defined                                no-undef
  1644:42   warning  'c24' is not defined                                no-undef
  1645:13   warning  'math' is not defined                               no-undef
  1656:13   warning  'math' is not defined                               no-undef
  1656:27   warning  'c11' is not defined                                no-undef
  1656:32   warning  'c12' is not defined                                no-undef
  1656:37   warning  'c13' is not defined                                no-undef
  1656:42   warning  'c14' is not defined                                no-undef
  1656:48   warning  'c21' is not defined                                no-undef
  1656:53   warning  'c22' is not defined                                no-undef
  1656:58   warning  'c23' is not defined                                no-undef
  1656:63   warning  'c24' is not defined                                no-undef
  1660:135  warning  'c11' is not defined                                no-undef
  1660:145  warning  'c12' is not defined                                no-undef
  1660:155  warning  'c13' is not defined                                no-undef
  1660:165  warning  'c14' is not defined                                no-undef
  1660:177  warning  'c21' is not defined                                no-undef
  1660:185  warning  'c22' is not defined                                no-undef
  1660:195  warning  'c23' is not defined                                no-undef
  1660:205  warning  'c24' is not defined                                no-undef
  1691:3    warning  Mixed spaces and tabs                               no-mixed-spaces-and-tabs
  1693:3    warning  Mixed spaces and tabs                               no-mixed-spaces-and-tabs
  1694:3    warning  Mixed spaces and tabs                               no-mixed-spaces-and-tabs
  1695:3    warning  Mixed spaces and tabs                               no-mixed-spaces-and-tabs
  1696:3    warning  Mixed spaces and tabs                               no-mixed-spaces-and-tabs
  1697:3    warning  Mixed spaces and tabs                               no-mixed-spaces-and-tabs
  1698:3    warning  Mixed spaces and tabs                               no-mixed-spaces-and-tabs
  1701:3    warning  Mixed spaces and tabs                               no-mixed-spaces-and-tabs
  1701:18   warning  'math' is not defined                               no-undef
  1702:3    warning  Mixed spaces and tabs                               no-mixed-spaces-and-tabs
  1703:3    warning  Mixed spaces and tabs                               no-mixed-spaces-and-tabs
  1704:3    warning  Mixed spaces and tabs                               no-mixed-spaces-and-tabs
  1705:3    warning  Mixed spaces and tabs                               no-mixed-spaces-and-tabs
  1705:17   warning  'math' is not defined                               no-undef
  1706:3    warning  Mixed spaces and tabs                               no-mixed-spaces-and-tabs
  1706:17   warning  'math' is not defined                               no-undef
  1707:3    warning  Mixed spaces and tabs                               no-mixed-spaces-and-tabs
  1707:17   warning  'math' is not defined                               no-undef
  1708:3    warning  Mixed spaces and tabs                               no-mixed-spaces-and-tabs
  1708:17   warning  'math' is not defined                               no-undef
  1709:3    warning  Mixed spaces and tabs                               no-mixed-spaces-and-tabs
  1709:17   warning  'math' is not defined                               no-undef
  1710:3    warning  Mixed spaces and tabs                               no-mixed-spaces-and-tabs
  1710:17   warning  'math' is not defined                               no-undef
  1711:3    warning  Mixed spaces and tabs                               no-mixed-spaces-and-tabs
  1712:3    warning  Mixed spaces and tabs                               no-mixed-spaces-and-tabs
  1712:18   warning  'math' is not defined                               no-undef
  1712:30   warning  'math' is not defined                               no-undef
  1712:41   warning  'math' is not defined                               no-undef
  1712:55   warning  'math' is not defined                               no-undef
  1712:92   warning  'math' is not defined                               no-undef
  1713:3    warning  Mixed spaces and tabs                               no-mixed-spaces-and-tabs
  1714:3    warning  Mixed spaces and tabs                               no-mixed-spaces-and-tabs
  1715:3    warning  Mixed spaces and tabs                               no-mixed-spaces-and-tabs
  1716:3    warning  Mixed spaces and tabs                               no-mixed-spaces-and-tabs
  1716:18   warning  'math' is not defined                               no-undef
  1717:3    warning  Mixed spaces and tabs                               no-mixed-spaces-and-tabs
  1717:18   warning  'math' is not defined                               no-undef
  1718:3    warning  Mixed spaces and tabs                               no-mixed-spaces-and-tabs
  1718:18   warning  'math' is not defined                               no-undef
  1719:3    warning  Mixed spaces and tabs                               no-mixed-spaces-and-tabs
  1719:18   warning  'math' is not defined                               no-undef
  1720:3    warning  Mixed spaces and tabs                               no-mixed-spaces-and-tabs
  1721:3    warning  Mixed spaces and tabs                               no-mixed-spaces-and-tabs
  1721:20   warning  'math' is not defined                               no-undef
  1722:3    warning  Mixed spaces and tabs                               no-mixed-spaces-and-tabs
  1722:21   warning  'math' is not defined                               no-undef
  1723:3    warning  Mixed spaces and tabs                               no-mixed-spaces-and-tabs
  1723:20   warning  'math' is not defined                               no-undef
  1724:3    warning  Mixed spaces and tabs                               no-mixed-spaces-and-tabs
  1725:3    warning  Mixed spaces and tabs                               no-mixed-spaces-and-tabs
  1725:20   warning  'math' is not defined                               no-undef
  1726:3    warning  Mixed spaces and tabs                               no-mixed-spaces-and-tabs
  1727:3    warning  Mixed spaces and tabs                               no-mixed-spaces-and-tabs
  1727:18   warning  'math' is not defined                               no-undef
  1727:30   warning  'math' is not defined                               no-undef
  1727:41   warning  'math' is not defined                               no-undef
  1727:55   warning  'math' is not defined                               no-undef
  1728:3    warning  Mixed spaces and tabs                               no-mixed-spaces-and-tabs
  1729:3    warning  Mixed spaces and tabs                               no-mixed-spaces-and-tabs
  1730:3    warning  Mixed spaces and tabs                               no-mixed-spaces-and-tabs
  1731:3    warning  Mixed spaces and tabs                               no-mixed-spaces-and-tabs
  1731:22   warning  'math' is not defined                               no-undef
  1732:3    warning  Mixed spaces and tabs                               no-mixed-spaces-and-tabs
  1733:3    warning  Mixed spaces and tabs                               no-mixed-spaces-and-tabs
  1733:24   warning  'math' is not defined                               no-undef
  1734:3    warning  Mixed spaces and tabs                               no-mixed-spaces-and-tabs
  1734:24   warning  'math' is not defined                               no-undef
  1735:3    warning  Mixed spaces and tabs                               no-mixed-spaces-and-tabs
  1735:21   warning  'math' is not defined                               no-undef
  1736:3    warning  Mixed spaces and tabs                               no-mixed-spaces-and-tabs
  1737:3    warning  Mixed spaces and tabs                               no-mixed-spaces-and-tabs
  1737:20   warning  'math' is not defined                               no-undef
  1738:3    warning  Mixed spaces and tabs                               no-mixed-spaces-and-tabs
  1739:3    warning  Mixed spaces and tabs                               no-mixed-spaces-and-tabs
  1739:18   warning  'math' is not defined                               no-undef
  1739:30   warning  'math' is not defined                               no-undef
  1739:41   warning  'math' is not defined                               no-undef
  1739:55   warning  'math' is not defined                               no-undef
  1740:3    warning  Mixed spaces and tabs                               no-mixed-spaces-and-tabs
  1741:3    warning  Mixed spaces and tabs                               no-mixed-spaces-and-tabs
  1742:3    warning  Mixed spaces and tabs                               no-mixed-spaces-and-tabs
  1743:3    warning  Mixed spaces and tabs                               no-mixed-spaces-and-tabs
  1744:3    warning  Mixed spaces and tabs                               no-mixed-spaces-and-tabs
  1745:3    warning  Mixed spaces and tabs                               no-mixed-spaces-and-tabs
  1746:3    warning  Mixed spaces and tabs                               no-mixed-spaces-and-tabs
  1747:3    warning  Mixed spaces and tabs                               no-mixed-spaces-and-tabs
  1747:18   warning  'math' is not defined                               no-undef
  1747:30   warning  'math' is not defined                               no-undef
  1747:41   warning  'math' is not defined                               no-undef
  1747:55   warning  'math' is not defined                               no-undef
  1748:3    warning  Mixed spaces and tabs                               no-mixed-spaces-and-tabs
  1749:3    warning  Mixed spaces and tabs                               no-mixed-spaces-and-tabs
  1750:3    warning  Mixed spaces and tabs                               no-mixed-spaces-and-tabs
  1751:3    warning  Mixed spaces and tabs                               no-mixed-spaces-and-tabs
  1751:18   warning  'math' is not defined                               no-undef
  1751:30   warning  'math' is not defined                               no-undef
  1751:41   warning  'math' is not defined                               no-undef
  1751:56   warning  'math' is not defined                               no-undef
  1751:93   warning  'math' is not defined                               no-undef
  1752:3    warning  Mixed spaces and tabs                               no-mixed-spaces-and-tabs
  1753:3    warning  Mixed spaces and tabs                               no-mixed-spaces-and-tabs
  1754:3    warning  Mixed spaces and tabs                               no-mixed-spaces-and-tabs
  1755:3    warning  Mixed spaces and tabs                               no-mixed-spaces-and-tabs
  1755:21   warning  'math' is not defined                               no-undef
  1756:3    warning  Mixed spaces and tabs                               no-mixed-spaces-and-tabs
  1756:11   warning  'a23a42' is already defined                         no-redeclare
  1756:20   warning  'math' is not defined                               no-undef
  1757:3    warning  Mixed spaces and tabs                               no-mixed-spaces-and-tabs
  1757:20   warning  'math' is not defined                               no-undef
  1758:3    warning  Mixed spaces and tabs                               no-mixed-spaces-and-tabs
  1759:3    warning  Mixed spaces and tabs                               no-mixed-spaces-and-tabs
  1759:18   warning  'math' is not defined                               no-undef
  1759:30   warning  'math' is not defined                               no-undef
  1759:41   warning  'math' is not defined                               no-undef
  1759:56   warning  'math' is not defined                               no-undef
  1760:3    warning  Mixed spaces and tabs                               no-mixed-spaces-and-tabs
  1761:3    warning  Mixed spaces and tabs                               no-mixed-spaces-and-tabs
  1762:3    warning  Mixed spaces and tabs                               no-mixed-spaces-and-tabs
  1763:3    warning  Mixed spaces and tabs                               no-mixed-spaces-and-tabs
  1763:7    warning  'Lobs' is not defined                               no-undef
  1763:14   warning  'math' is not defined                               no-undef
  1764:3    warning  Mixed spaces and tabs                               no-mixed-spaces-and-tabs
  1765:3    warning  Mixed spaces and tabs                               no-mixed-spaces-and-tabs
  1766:3    warning  Mixed spaces and tabs                               no-mixed-spaces-and-tabs
  1767:3    warning  Mixed spaces and tabs                               no-mixed-spaces-and-tabs
  1768:3    warning  Mixed spaces and tabs                               no-mixed-spaces-and-tabs
  1769:3    warning  Mixed spaces and tabs                               no-mixed-spaces-and-tabs
  1770:3    warning  Mixed spaces and tabs                               no-mixed-spaces-and-tabs
  1771:3    warning  Mixed spaces and tabs                               no-mixed-spaces-and-tabs
  1773:1    warning  Mixed spaces and tabs                               no-mixed-spaces-and-tabs
  1776:17   warning  'yop' is assigned a value but never used            no-unused-vars
  1777:1    warning  Mixed spaces and tabs                               no-mixed-spaces-and-tabs
  1778:1    warning  Mixed spaces and tabs                               no-mixed-spaces-and-tabs
  1780:1    warning  Mixed spaces and tabs                               no-mixed-spaces-and-tabs
  1785:1    warning  Mixed spaces and tabs                               no-mixed-spaces-and-tabs
  1786:1    warning  Mixed spaces and tabs                               no-mixed-spaces-and-tabs
  1787:2    warning  Mixed spaces and tabs                               no-mixed-spaces-and-tabs
  1788:2    warning  Mixed spaces and tabs                               no-mixed-spaces-and-tabs
  1789:2    warning  Mixed spaces and tabs                               no-mixed-spaces-and-tabs
  1790:1    warning  Mixed spaces and tabs                               no-mixed-spaces-and-tabs
  1790:21   warning  '$' is not defined                                  no-undef
  1791:2    warning  Mixed spaces and tabs                               no-mixed-spaces-and-tabs
  1792:1    warning  Mixed spaces and tabs                               no-mixed-spaces-and-tabs
  1792:18   warning  'math' is not defined                               no-undef
  1794:8    warning  'x_ddot' is assigned a value but never used         no-unused-vars
  1796:1    warning  Mixed spaces and tabs                               no-mixed-spaces-and-tabs
  1798:1    warning  Mixed spaces and tabs                               no-mixed-spaces-and-tabs
  1800:1    warning  Mixed spaces and tabs                               no-mixed-spaces-and-tabs
  1800:14   warning  'theta_ddot' is assigned a value but never used     no-unused-vars
  1806:8    warning  'x_h_ddot' is assigned a value but never used       no-unused-vars
  1810:1    warning  Mixed spaces and tabs                               no-mixed-spaces-and-tabs
  1810:14   warning  'theta_h_ddot' is assigned a value but never used   no-unused-vars
  1817:8    warning  'y1_up' is assigned a value but never used          no-unused-vars
  1818:8    warning  'y2_up' is assigned a value but never used          no-unused-vars
  1820:8    warning  'va' is assigned a value but never used             no-unused-vars
  1822:11   warning  Mixed spaces and tabs                               no-mixed-spaces-and-tabs
  1823:10   warning  Mixed spaces and tabs                               no-mixed-spaces-and-tabs
  1824:8    warning  Mixed spaces and tabs                               no-mixed-spaces-and-tabs
  1825:1    warning  Mixed spaces and tabs                               no-mixed-spaces-and-tabs
  1830:1    warning  Mixed spaces and tabs                               no-mixed-spaces-and-tabs
  1837:1    warning  Mixed spaces and tabs                               no-mixed-spaces-and-tabs
  1842:2    warning  Mixed spaces and tabs                               no-mixed-spaces-and-tabs
  1894:3    warning  Mixed spaces and tabs                               no-mixed-spaces-and-tabs
  1927:9    warning  'c11' is not defined                                no-undef
  1927:17   warning  'c12' is not defined                                no-undef
  1927:29   warning  'c13' is not defined                                no-undef
  1927:41   warning  'c14' is not defined                                no-undef
  1928:13   warning  'c11' is not defined                                no-undef
  1928:23   warning  'c12' is not defined                                no-undef
  1928:37   warning  'c13' is not defined                                no-undef
  1928:51   warning  'c14' is not defined                                no-undef
  1933:11   warning  'a21' is not defined                                no-undef
  1933:43   warning  'a24' is not defined                                no-undef
  1935:11   warning  'a41' is not defined                                no-undef
  1935:43   warning  'a44' is not defined                                no-undef
  1939:13   warning  'a21' is not defined                                no-undef
  1939:51   warning  'a24' is not defined                                no-undef
  1941:13   warning  'a41' is not defined                                no-undef
  1941:51   warning  'a44' is not defined                                no-undef
  1958:1    warning  Mixed spaces and tabs                               no-mixed-spaces-and-tabs
  1965:1    warning  Mixed spaces and tabs                               no-mixed-spaces-and-tabs
  1970:3    warning  Mixed spaces and tabs                               no-mixed-spaces-and-tabs
  1971:1    warning  Mixed spaces and tabs                               no-mixed-spaces-and-tabs
  1975:3    warning  Mixed spaces and tabs                               no-mixed-spaces-and-tabs
  1976:3    warning  Mixed spaces and tabs                               no-mixed-spaces-and-tabs
  1977:3    warning  Mixed spaces and tabs                               no-mixed-spaces-and-tabs
  1990:2    warning  Mixed spaces and tabs                               no-mixed-spaces-and-tabs
  1998:6    warning  'math' is not defined                               no-undef
  2004:19   warning  'CanvasJS' is not defined                           no-undef
  2007:1    warning  Mixed spaces and tabs                               no-mixed-spaces-and-tabs
  2008:1    warning  Mixed spaces and tabs                               no-mixed-spaces-and-tabs
  2009:2    warning  Mixed spaces and tabs                               no-mixed-spaces-and-tabs
  2010:1    warning  Mixed spaces and tabs                               no-mixed-spaces-and-tabs
  2012:1    warning  Mixed spaces and tabs                               no-mixed-spaces-and-tabs
  2014:1    warning  Mixed spaces and tabs                               no-mixed-spaces-and-tabs
  2015:1    warning  Mixed spaces and tabs                               no-mixed-spaces-and-tabs
  2023:1    warning  Mixed spaces and tabs                               no-mixed-spaces-and-tabs
  2024:2    warning  Mixed spaces and tabs                               no-mixed-spaces-and-tabs
  2044:19   warning  'CanvasJS' is not defined                           no-undef
  2047:1    warning  Mixed spaces and tabs                               no-mixed-spaces-and-tabs
  2048:1    warning  Mixed spaces and tabs                               no-mixed-spaces-and-tabs
  2049:2    warning  Mixed spaces and tabs                               no-mixed-spaces-and-tabs
  2050:1    warning  Mixed spaces and tabs                               no-mixed-spaces-and-tabs
  2052:1    warning  Mixed spaces and tabs                               no-mixed-spaces-and-tabs
  2054:1    warning  Mixed spaces and tabs                               no-mixed-spaces-and-tabs
  2055:1    warning  Mixed spaces and tabs                               no-mixed-spaces-and-tabs
  2063:1    warning  Mixed spaces and tabs                               no-mixed-spaces-and-tabs
  2064:2    warning  Mixed spaces and tabs                               no-mixed-spaces-and-tabs
  2087:19   warning  'CanvasJS' is not defined                           no-undef
  2090:1    warning  Mixed spaces and tabs                               no-mixed-spaces-and-tabs
  2091:1    warning  Mixed spaces and tabs                               no-mixed-spaces-and-tabs
  2092:2    warning  Mixed spaces and tabs                               no-mixed-spaces-and-tabs
  2093:1    warning  Mixed spaces and tabs                               no-mixed-spaces-and-tabs
  2095:1    warning  Mixed spaces and tabs                               no-mixed-spaces-and-tabs
  2097:1    warning  Mixed spaces and tabs                               no-mixed-spaces-and-tabs
  2098:1    warning  Mixed spaces and tabs                               no-mixed-spaces-and-tabs
  2106:1    warning  Mixed spaces and tabs                               no-mixed-spaces-and-tabs
  2107:2    warning  Mixed spaces and tabs                               no-mixed-spaces-and-tabs
  2127:19   warning  'CanvasJS' is not defined                           no-undef
  2130:1    warning  Mixed spaces and tabs                               no-mixed-spaces-and-tabs
  2131:1    warning  Mixed spaces and tabs                               no-mixed-spaces-and-tabs
  2132:2    warning  Mixed spaces and tabs                               no-mixed-spaces-and-tabs
  2133:1    warning  Mixed spaces and tabs                               no-mixed-spaces-and-tabs
  2135:1    warning  Mixed spaces and tabs                               no-mixed-spaces-and-tabs
  2137:1    warning  Mixed spaces and tabs                               no-mixed-spaces-and-tabs
  2138:1    warning  Mixed spaces and tabs                               no-mixed-spaces-and-tabs
  2146:1    warning  Mixed spaces and tabs                               no-mixed-spaces-and-tabs
  2147:2    warning  Mixed spaces and tabs                               no-mixed-spaces-and-tabs
  2165:3    warning  Mixed spaces and tabs                               no-mixed-spaces-and-tabs
  2166:3    warning  Mixed spaces and tabs                               no-mixed-spaces-and-tabs
  2167:3    warning  Mixed spaces and tabs                               no-mixed-spaces-and-tabs
  2169:3    warning  Mixed spaces and tabs                               no-mixed-spaces-and-tabs
  2170:3    warning  Mixed spaces and tabs                               no-mixed-spaces-and-tabs
  2171:2    warning  Mixed spaces and tabs                               no-mixed-spaces-and-tabs
  2172:3    warning  Mixed spaces and tabs                               no-mixed-spaces-and-tabs
  2173:3    warning  Mixed spaces and tabs                               no-mixed-spaces-and-tabs
  2174:4    warning  Mixed spaces and tabs                               no-mixed-spaces-and-tabs
  2175:4    warning  Mixed spaces and tabs                               no-mixed-spaces-and-tabs
  2176:3    warning  Mixed spaces and tabs                               no-mixed-spaces-and-tabs
  2177:3    warning  Mixed spaces and tabs                               no-mixed-spaces-and-tabs
  2178:1    warning  Mixed spaces and tabs                               no-mixed-spaces-and-tabs
  2184:1    warning  Mixed spaces and tabs                               no-mixed-spaces-and-tabs
  2189:1    warning  Mixed spaces and tabs                               no-mixed-spaces-and-tabs
  2190:1    warning  Mixed spaces and tabs                               no-mixed-spaces-and-tabs
  2226:10   warning  'saveImg' is defined but never used                 no-unused-vars
  2227:1    warning  'html2canvas' is not defined                        no-undef

✖ 2482 problems (0 errors, 2482 warnings)
  0 errors and 21 warnings potentially fixable with the `--fix` option.

